Date - Hora;Tensão Painel;Corrente Painel;Tensão CUK;Corrente CUK;Duty Cicle
23/11/2018 18:52:26;1,2;14;2;0,69;1
23/11/2018 18:54:33;1,2;14;2;0,69;1
23/11/2018 18:54:39;1,2;14;2;0,69;1
23/11/2018 18:54:44;1;14;2;0,69;0
23/11/2018 18:55:08;12;1;14;2;0,69
23/11/2018 18:55:48;12;1;14;2;0,69
23/11/2018 18:56:07;12;1;14;2;0,69
23/11/2018 19:31:19;10,74;3,28;13,91;1,73; 834
23/11/2018 19:31:20;10,79;3,24;13,91;1,75; 832
23/11/2018 19:31:59;10,10;3,28;13,81;1,64; 864
23/11/2018 19:31:59;10,06;3,25;13,81;1,66; 866
23/11/2018 19:31:59;9,98;3,25;13,81;1,64; 870
23/11/2018 19:32:00;9,94;3,26;13,80;1,62; 870
23/11/2018 19:32:00;9,98;3,25;13,81;1,63; 870
23/11/2018 19:32:00;9,95;3,30;13,80;1,62; 868
23/11/2018 19:32:00;9,97;3,34;13,82;1,63; 866
23/11/2018 19:32:01;10,01;3,28;13,81;1,64; 868
23/11/2018 19:32:01;10,01;3,25;13,82;1,64; 868
23/11/2018 19:32:01;9,89;3,28;13,81;1,62; 870
23/11/2018 19:32:01;9,93;3,23;13,81;1,63; 872
23/11/2018 19:32:02;9,97;3,25;13,82;1,61; 868
23/11/2018 19:32:02;9,93;3,25;13,81;1,61; 872
23/11/2018 19:32:02;9,97;3,28;13,81;1,64; 868
23/11/2018 19:32:02;10,02;3,26;13,82;1,64; 868
23/11/2018 19:32:03;10,02;3,26;13,81;1,64; 866
23/11/2018 19:35:09;2,25;0,16;26,38;-0,05;1080
23/11/2018 19:35:09;2,22;0,19;26,40;-0,07;1080
23/11/2018 19:35:09;2,19;0,18;26,41;-0,06;1080
23/11/2018 19:35:10;2,21;0,16;26,40;-0,06;1080
23/11/2018 19:35:10;2,25;0,15;26,40;-0,06;1080
23/11/2018 19:35:10;2,25;0,16;26,41;-0,04;1080
23/11/2018 19:35:10;2,25;0,16;26,40;-0,07;1080
23/11/2018 19:35:11;2,25;0,18;26,40;-0,07;1080
23/11/2018 19:35:11;2,25;0,15;26,40;-0,06;1080
23/11/2018 19:35:11;2,24;0,16;26,40;-0,06;1080
23/11/2018 19:35:11;2,24;0,17;26,38;-0,06;1080
23/11/2018 19:35:12;2,19;0,16;26,40;-0,07;1080
23/11/2018 19:35:12;2,25;0,16;26,41;-0,07;1080
23/11/2018 19:35:12;2,25;0,15;26,40;-0,05;1080
23/11/2018 19:35:12;2,25;0,16;26,40;-0,06;1080
23/11/2018 19:35:13;2,25;0,19;26,40;-0,07;1080
23/11/2018 19:35:13;2,25;0,16;26,40;-0,07;1080
23/11/2018 19:35:13;2,25;0,16;26,40;-0,07;1080
23/11/2018 19:35:13;2,25;0,17;26,40;-0,05;1080
23/11/2018 19:35:14;2,21;0,14;26,41;-0,06;1080
23/11/2018 19:35:14;2,25;0,16;26,40;-0,06;1080
23/11/2018 19:35:14;2,25;0,16;26,40;-0,05;1080
23/11/2018 19:35:15;2,25;0,16;26,40;-0,05;1080
23/11/2018 19:35:15;2,25;0,16;26,40;-0,07;1080
23/11/2018 19:35:15;2,25;0,16;26,40;-0,06;1080
23/11/2018 19:35:15;2,25;0,16;26,38;-0,06;1080
23/11/2018 19:35:16;2,25;0,16;26,40;-0,06;1080
23/11/2018 19:35:16;2,25;0,16;26,40;-0,06;1080
23/11/2018 19:35:16;2,24;0,16;26,40;-0,07;1080
23/11/2018 19:35:16;2,19;0,22;26,41;-0,07;1080
23/11/2018 19:35:17;2,25;0,16;26,40;-0,06;1080
23/11/2018 19:35:17;2,21;0,19;26,41;-0,08;1080
23/11/2018 19:35:17;2,24;0,17;26,41;-0,06;1080
23/11/2018 19:35:17;2,25;0,15;26,40;-0,06;1080
23/11/2018 19:35:18;2,25;0,12;26,40;-0,06;1080
23/11/2018 19:35:18;2,25;0,16;26,38;-0,05;1080
23/11/2018 19:35:18;2,25;0,16;26,40;-0,06;1080
23/11/2018 19:35:18;2,25;0,18;26,40;-0,05;1080
23/11/2018 19:35:19;2,24;0,19;26,41;-0,07;1080
23/11/2018 19:35:19;2,25;0,16;26,40;-0,07;1080
23/11/2018 19:35:19;2,25;0,16;26,40;-0,08;1080
23/11/2018 19:35:20;2,23;0,18;26,40;-0,06;1080
23/11/2018 19:35:20;2,23;0,14;26,40;-0,05;1080
23/11/2018 19:35:20;2,25;0,16;26,38;-0,06;1080
23/11/2018 19:35:20;2,25;0,15;26,38;-0,06;1080
23/11/2018 19:35:21;2,25;0,16;26,38;-0,05;1080
23/11/2018 19:35:21;2,22;0,19;26,40;-0,06;1080
23/11/2018 19:35:21;2,25;0,16;26,40;-0,07;1080
23/11/2018 19:35:21;2,21;0,19;26,40;-0,08;1080
23/11/2018 19:35:22;2,25;0,16;26,38;-0,07;1080
23/11/2018 19:35:22;2,25;0,12;26,38;-0,07;1080
23/11/2018 19:35:22;2,23;0,19;26,38;-0,06;1080
23/11/2018 19:35:22;2,25;0,17;26,38;-0,05;1080
23/11/2018 19:35:23;2,21;0,19;26,38;-0,07;1080
23/11/2018 19:35:23;2,19;0,23;26,40;-0,07;1080
23/11/2018 19:35:23;2,25;0,15;26,38;-0,04;1080
23/11/2018 19:35:23;2,25;0,16;26,40;-0,06;1080
23/11/2018 19:35:24;2,25;0,16;26,40;-0,07;1080
23/11/2018 19:35:24;2,25;0,15;26,38;-0,07;1080
23/11/2018 19:35:24;2,22;0,19;26,40;-0,07;1080
23/11/2018 19:35:25;2,24;0,19;26,40;-0,05;1080
23/11/2018 19:35:25;2,24;0,16;26,38;-0,06;1080
23/11/2018 19:35:25;2,25;0,19;26,38;-0,07;1080
23/11/2018 19:35:25;2,20;0,19;26,40;-0,07;1080
23/11/2018 19:35:26;2,25;0,16;26,38;-0,06;1080
23/11/2018 19:35:26;2,19;0,21;26,41;-0,07;1080
23/11/2018 19:35:26;2,25;0,16;26,37;-0,06;1080
23/11/2018 19:35:26;2,25;0,15;26,37;-0,08;1080
23/11/2018 19:35:27;2,25;0,19;26,38;-0,05;1080
23/11/2018 19:35:27;2,25;0,16;26,40;-0,05;1080
23/11/2018 19:35:27;2,25;0,18;26,38;-0,05;1080
23/11/2018 19:35:27;2,24;0,16;26,38;-0,06;1080
23/11/2018 19:35:28;2,25;0,16;26,40;-0,07;1080
23/11/2018 19:35:28;2,22;0,19;26,40;-0,06;1080
23/11/2018 19:35:28;2,25;0,16;26,40;-0,07;1080
23/11/2018 19:35:28;2,23;0,17;26,38;-0,07;1080
23/11/2018 19:35:29;2,25;0,16;26,37;-0,07;1080
23/11/2018 19:35:29;2,25;0,17;26,38;-0,06;1080
23/11/2018 19:35:29;2,24;0,16;26,38;-0,06;1080
23/11/2018 19:35:30;2,25;0,16;26,38;-0,06;1080
23/11/2018 19:35:30;2,25;0,14;26,38;-0,06;1080
23/11/2018 19:35:30;2,25;0,16;26,38;-0,07;1080
23/11/2018 19:35:30;2,21;0,19;26,40;-0,08;1080
23/11/2018 19:35:31;2,23;0,17;26,40;-0,06;1080
23/11/2018 19:35:31;2,25;0,16;26,38;-0,07;1080
23/11/2018 19:35:31;2,25;0,18;26,38;-0,07;1080
23/11/2018 19:35:31;2,20;0,19;26,40;-0,06;1080
23/11/2018 19:35:32;2,25;0,16;26,38;-0,06;1080
23/11/2018 19:35:32;2,24;0,14;26,40;-0,06;1080
23/11/2018 19:35:32;2,24;0,14;26,38;-0,07;1080
23/11/2018 19:35:32;2,25;0,16;26,38;-0,07;1080
23/11/2018 19:35:33;2,25;0,16;26,38;-0,07;1080
23/11/2018 19:35:33;2,24;0,16;26,37;-0,07;1080
23/11/2018 19:35:33;2,24;0,19;26,40;-0,06;1080
23/11/2018 19:35:33;2,24;0,17;26,38;-0,05;1080
23/11/2018 19:35:34;2,21;0,19;26,38;-0,07;1080
23/11/2018 19:35:34;2,25;0,16;26,38;-0,05;1080
23/11/2018 19:35:34;2,25;0,12;26,40;-0,05;1080
23/11/2018 19:35:35;2,25;0,17;26,40;-0,06;1080
23/11/2018 19:35:35;2,25;0,16;26,40;-0,05;1080
23/11/2018 19:35:35;2,24;0,17;26,38;-0,08;1080
23/11/2018 19:35:35;2,24;0,20;26,38;-0,07;1080
23/11/2018 19:35:36;2,24;0,17;26,40;-0,05;1080
23/11/2018 19:35:36;2,24;0,15;26,40;-0,07;1080
23/11/2018 19:35:36;2,25;0,17;26,38;-0,07;1080
23/11/2018 19:35:36;2,20;0,19;26,41;-0,06;1080
23/11/2018 19:35:43;2,19;0,20;26,41;-0,08;1080
23/11/2018 19:35:55;2,22;0,19;26,37;-0,06;1080
23/11/2018 19:36:30;2,25;0,16;26,35;-0,05;1080
23/11/2018 19:36:42;2,25;0,16;26,38;-0,06;1080
23/11/2018 19:36:42;2,25;0,15;26,38;-0,06;1080
23/11/2018 19:36:43;2,19;0,20;26,40;-0,07;1080
23/11/2018 19:36:43;2,19;0,21;26,38;-0,06;1080
23/11/2018 19:36:43;2,19;0,19;26,38;-0,08;1080
23/11/2018 19:36:43;2,25;0,16;26,38;-0,06;1080
23/11/2018 19:36:44;2,25;0,15;26,38;-0,06;1080
23/11/2018 19:36:44;2,25;0,12;26,37;-0,06;1080
23/11/2018 19:36:44;2,25;0,16;26,37;-0,07;1080
23/11/2018 19:36:44;2,25;0,16;26,38;-0,05;1080
23/11/2018 19:36:45;2,19;0,20;26,37;-0,07;1080
23/11/2018 19:36:45;2,25;0,17;26,38;-0,06;1080
23/11/2018 19:36:45;2,22;0,17;26,38;-0,06;1080
23/11/2018 19:36:46;2,25;0,16;26,37;-0,07;1080
23/11/2018 19:36:46;2,25;0,16;26,38;-0,05;1080
23/11/2018 19:36:46;2,25;0,16;26,37;-0,05;1080
23/11/2018 19:36:46;2,25;0,16;26,37;-0,07;1080
23/11/2018 19:36:47;2,25;0,18;26,38;-0,05;1080
23/11/2018 19:36:47;2,25;0,16;26,37;-0,06;1080
23/11/2018 19:36:47;2,25;0,19;26,38;-0,07;1080
23/11/2018 19:36:47;2,24;0,16;26,38;-0,06;1080
23/11/2018 19:36:48;2,25;0,16;26,35;-0,06;1080
23/11/2018 19:36:48;2,25;0,17;26,38;-0,07;1080
23/11/2018 19:36:48;2,25;0,16;26,35;-0,05;1080
23/11/2018 19:36:48;2,25;0,16;26,37;-0,07;1080
23/11/2018 19:36:49;2,25;0,18;26,37;-0,05;1080
23/11/2018 19:36:49;2,25;0,18;26,37;-0,06;1080
23/11/2018 19:36:49;2,19;0,23;26,38;-0,06;1080
23/11/2018 19:36:49;2,25;0,16;26,37;-0,07;1080
23/11/2018 19:36:50;2,25;0,16;26,37;-0,07;1080
23/11/2018 19:36:50;2,25;0,16;26,38;-0,07;1080
23/11/2018 19:36:50;2,21;0,19;26,35;-0,07;1080
23/11/2018 19:36:51;2,24;0,16;26,37;-0,07;1080
23/11/2018 19:36:51;2,19;0,19;26,37;-0,07;1080
23/11/2018 19:36:51;2,19;0,22;26,37;-0,07;1080
23/11/2018 19:36:51;2,25;0,16;26,37;-0,06;1080
23/11/2018 19:36:52;2,25;0,16;26,35;-0,06;1080
23/11/2018 19:36:52;2,25;0,14;26,37;-0,07;1080
23/11/2018 19:36:52;2,25;0,18;26,37;-0,06;1080
23/11/2018 19:36:52;2,24;0,16;26,37;-0,07;1080
23/11/2018 19:36:53;2,25;0,16;26,34;-0,07;1080
23/11/2018 19:36:53;2,24;0,16;26,37;-0,07;1080
23/11/2018 19:36:53;2,25;0,17;26,37;-0,06;1080
23/11/2018 19:36:53;2,20;0,19;26,37;-0,07;1080
23/11/2018 19:36:54;2,24;0,17;26,35;-0,07;1080
23/11/2018 19:36:54;2,25;0,13;26,37;-0,05;1080
23/11/2018 19:36:54;2,20;0,16;26,37;-0,07;1080
23/11/2018 19:36:54;2,25;0,16;26,38;-0,06;1080
23/11/2018 19:36:55;2,25;0,16;26,37;-0,06;1080
23/11/2018 19:36:55;2,25;0,15;26,35;-0,08;1080
23/11/2018 19:36:55;2,24;0,19;26,37;-0,07;1080
23/11/2018 19:36:56;2,25;0,16;26,35;-0,05;1080
23/11/2018 19:36:56;2,24;0,16;26,35;-0,07;1080
23/11/2018 19:36:56;2,25;0,13;26,37;-0,07;1080
23/11/2018 19:36:56;2,21;0,15;26,35;-0,06;1080
23/11/2018 19:36:57;2,24;0,16;26,37;-0,07;1080
23/11/2018 19:36:57;2,23;0,18;26,40;-0,05;1080
23/11/2018 19:36:57;2,24;0,16;26,37;-0,04;1080
23/11/2018 19:36:57;2,25;0,18;26,37;-0,07;1080
23/11/2018 19:36:58;2,25;0,17;26,37;-0,07;1080
23/11/2018 19:36:58;2,24;0,16;26,37;-0,06;1080
23/11/2018 19:36:58;2,25;0,16;26,37;-0,07;1080
23/11/2018 19:36:58;2,25;0,12;26,37;-0,06;1080
23/11/2018 19:36:59;2,25;0,16;26,37;-0,05;1080
23/11/2018 19:36:59;2,19;0,22;26,40;-0,07;1080
23/11/2018 19:36:59;2,25;0,16;26,37;-0,06;1080
23/11/2018 19:36:59;2,25;0,16;26,38;-0,06;1080
23/11/2018 19:37:00;2,19;0,19;26,38;-0,07;1080
23/11/2018 19:37:00;2,25;0,15;26,38;-0,06;1080
23/11/2018 19:37:00;2,24;0,16;26,38;-0,05;1080
23/11/2018 19:37:01;2,25;0,15;26,38;-0,06;1080
23/11/2018 19:37:01;2,25;0,16;26,38;-0,07;1080
23/11/2018 19:37:01;2,25;0,18;26,38;-0,06;1080
23/11/2018 19:37:01;2,24;0,17;26,37;-0,07;1080
23/11/2018 19:37:02;2,24;0,17;26,38;-0,07;1080
23/11/2018 19:37:02;2,24;0,16;26,37;-0,06;1080
23/11/2018 19:37:02;2,20;0,19;26,38;-0,07;1080
23/11/2018 19:37:02;2,22;0,14;26,38;-0,06;1080
23/11/2018 19:37:03;2,25;0,15;26,38;-0,06;1080
23/11/2018 19:37:03;2,25;0,15;26,38;-0,06;1080
23/11/2018 19:37:03;2,25;0,19;26,38;-0,07;1080
23/11/2018 19:37:03;2,24;0,17;26,38;-0,05;1080
23/11/2018 19:39:18;2,25;0,16;13,29;-0,06;1060
23/11/2018 19:39:18;2,23;0,18;13,29;-0,06;1058
23/11/2018 19:39:19;2,24;0,16;13,29;-0,07;1058
23/11/2018 19:39:19;2,19;0,20;13,31;-0,07;1056
23/11/2018 19:39:19;2,25;0,15;13,29;-0,06;1058
23/11/2018 19:39:19;2,22;0,16;13,29;-0,06;1056
23/11/2018 19:39:20;2,24;0,14;13,29;-0,06;1056
23/11/2018 19:39:20;2,25;0,12;13,28;-0,06;1052
23/11/2018 19:39:20;2,22;0,19;13,31;-0,07;1050
23/11/2018 19:39:20;2,24;0,17;13,29;-0,04;1052
23/11/2018 19:39:21;2,19;0,21;13,29;-0,07;1050
23/11/2018 19:39:21;2,24;0,19;13,28;-0,07;1052
23/11/2018 19:39:21;2,24;0,16;13,29;-0,06;1052
23/11/2018 19:39:21;2,24;0,13;13,29;-0,06;1054
23/11/2018 19:39:22;2,25;0,15;13,29;-0,05;1054
23/11/2018 19:39:22;2,25;0,13;13,29;-0,05;1054
23/11/2018 19:39:22;2,24;0,16;13,29;-0,07;1056
23/11/2018 19:39:23;2,25;0,16;13,28;-0,06;1058
23/11/2018 19:39:23;2,24;0,16;13,26;-0,07;1056
23/11/2018 19:39:23;2,24;0,18;13,29;-0,06;1052
23/11/2018 19:39:23;2,24;0,15;13,28;-0,05;1054
23/11/2018 19:39:24;2,23;0,12;13,28;-0,06;1050
23/11/2018 19:39:24;2,25;0,16;13,28;-0,06;1048
23/11/2018 19:39:24;2,25;0,16;13,29;-0,06;1044
23/11/2018 19:39:24;2,25;0,16;13,28;-0,05;1042
23/11/2018 19:39:25;2,25;0,19;13,29;-0,06;1038
23/11/2018 19:39:25;2,18;0,22;13,29;-0,07;1034
23/11/2018 19:39:25;2,23;0,17;13,28;-0,06;1034
23/11/2018 19:39:25;2,25;0,16;13,26;-0,04;1032
23/11/2018 19:39:26;2,22;0,15;13,29;-0,07;1030
23/11/2018 19:39:26;2,24;0,16;13,28;-0,07;1030
23/11/2018 19:39:26;2,24;0,16;13,29;-0,07;1028
23/11/2018 19:39:26;2,25;0,17;13,26;-0,06;1026
23/11/2018 19:39:27;2,25;0,19;13,28;-0,05;1022
23/11/2018 19:39:27;2,25;0,16;13,28;-0,05;1020
23/11/2018 19:39:27;2,24;0,17;13,28;-0,06;1020
23/11/2018 19:39:28;2,24;0,17;13,29;-0,07;1018
23/11/2018 19:39:28;2,24;0,16;13,26;-0,06;1018
23/11/2018 19:39:28;2,25;0,16;13,28;-0,07;1018
23/11/2018 19:39:28;2,25;0,17;13,28;-0,05;1016
23/11/2018 19:39:29;2,24;0,18;13,28;-0,06;1018
23/11/2018 19:39:29;2,25;0,18;13,28;-0,05;1018
23/11/2018 19:39:29;2,25;0,16;13,28;-0,05;1018
23/11/2018 19:39:29;2,25;0,14;13,28;-0,05;1016
23/11/2018 19:39:30;2,25;0,16;13,29;-0,06;1012
23/11/2018 19:39:30;2,19;0,21;13,29;-0,07;1010
23/11/2018 19:39:30;2,25;0,15;13,28;-0,06;1012
23/11/2018 19:39:30;2,21;0,19;13,28;-0,07;1012
23/11/2018 19:39:31;2,24;0,17;13,28;-0,05;1014
23/11/2018 19:39:31;2,24;0,16;13,28;-0,06;1014
23/11/2018 19:39:31;2,22;0,19;13,29;-0,06;1010
23/11/2018 19:39:31;2,24;0,15;13,28;-0,05;1012
23/11/2018 19:39:32;2,53;0,16;13,28;-0,06;1008
23/11/2018 19:39:32;3,59;0,18;13,28;-0,06;1010
23/11/2018 19:39:32;4,69;0,18;13,29;-0,03;1010
23/11/2018 19:39:33;5,76;0,44;13,35;0,07;1006
23/11/2018 19:39:33;6,02;0,95;13,39;0,27;1000
23/11/2018 19:39:33;6,50;2,11;13,01;0,78; 992
23/11/2018 19:39:33;6,41;1,97;13,12;0,72; 996
23/11/2018 19:39:34;6,74;3,23;11,51;1,25; 996
23/11/2018 19:39:34;6,72;3,23;11,57;1,26; 996
23/11/2018 19:39:34;6,75;3,23;11,53;1,25; 996
23/11/2018 19:39:34;6,71;3,22;11,56;1,25;1000
23/11/2018 19:39:35;6,72;3,25;11,56;1,25;1000
23/11/2018 19:39:35;6,65;3,29;11,58;1,25; 998
23/11/2018 19:39:35;6,72;3,23;11,58;1,25; 998
23/11/2018 19:39:35;6,76;3,27;11,57;1,26; 994
23/11/2018 19:39:36;6,70;3,28;11,61;1,24; 996
23/11/2018 19:39:36;6,67;3,27;11,60;1,23;1002
23/11/2018 19:39:36;6,60;3,29;11,63;1,22;1004
23/11/2018 19:39:36;6,70;3,23;11,61;1,24;1002
23/11/2018 19:39:37;6,68;3,27;11,63;1,24;1000
23/11/2018 19:39:37;6,68;3,23;11,61;1,22;1002
23/11/2018 19:39:37;6,68;3,22;11,63;1,23;1004
23/11/2018 19:39:38;6,71;3,20;11,64;1,24;1002
23/11/2018 19:39:38;6,72;3,24;11,64;1,24;1000
23/11/2018 19:39:38;6,71;3,23;11,64;1,23;1002
23/11/2018 19:39:38;6,67;3,31;11,65;1,25;1000
23/11/2018 19:39:39;6,68;3,28;11,65;1,24;1000
23/11/2018 19:39:39;6,74;3,18;11,71;1,22;1000
23/11/2018 19:39:39;6,74;3,23;11,64;1,25;1000
23/11/2018 19:39:39;6,72;3,32;11,63;1,25; 998
23/11/2018 19:39:40;6,80;3,27;11,65;1,24; 996
23/11/2018 19:39:40;6,70;3,23;11,67;1,24;1004
23/11/2018 19:39:40;6,73;3,27;11,71;1,25; 998
23/11/2018 19:39:40;6,72;3,23;11,74;1,22; 998
23/11/2018 19:39:41;6,80;3,10;11,84;1,21; 996
23/11/2018 19:39:41;6,74;3,27;11,67;1,24; 998
23/11/2018 19:39:41;6,78;3,17;11,81;1,22; 998
23/11/2018 19:39:41;6,73;3,13;11,90;1,19; 998
23/11/2018 19:39:42;6,75;3,20;11,79;1,23; 998
23/11/2018 19:39:42;6,78;3,27;11,68;1,25; 998
23/11/2018 19:39:42;6,73;3,12;11,93;1,19; 998
23/11/2018 19:39:43;6,80;3,27;11,61;1,26; 998
23/11/2018 19:39:43;6,76;3,16;11,86;1,21; 998
23/11/2018 19:39:43;6,72;3,15;11,93;1,19; 998
23/11/2018 19:39:43;6,73;3,28;11,75;1,24; 998
23/11/2018 19:39:44;6,72;3,02;12,11;1,14; 998
23/11/2018 19:39:44;6,79;3,25;11,77;1,25; 998
23/11/2018 19:39:44;6,71;3,04;12,09;1,15;1002
23/11/2018 19:39:44;6,70;3,20;11,90;1,19;1000
23/11/2018 19:39:45;6,78;3,14;11,89;1,23;1000
23/11/2018 19:39:45;6,77;3,17;11,90;1,20; 998
23/11/2018 19:39:45;6,78;3,29;11,75;1,25;1000
23/11/2018 19:39:45;6,63;3,04;12,16;1,13;1006
23/11/2018 19:39:46;6,74;3,25;11,78;1,23;1004
23/11/2018 19:39:46;6,67;3,28;11,81;1,22;1004
23/11/2018 19:39:46;6,70;3,27;11,84;1,21;1004
23/11/2018 19:39:46;6,69;3,10;12,06;1,16;1004
23/11/2018 19:39:47;6,65;3,04;12,17;1,15;1004
23/11/2018 19:39:47;6,69;3,12;12,10;1,16;1000
23/11/2018 19:39:47;6,70;2,81;12,51;1,07;1000
23/11/2018 19:39:48;6,72;2,80;12,51;1,07; 998
23/11/2018 19:39:48;6,83;3,16;11,96;1,21; 996
23/11/2018 19:39:48;6,73;2,88;12,40;1,09; 996
23/11/2018 19:39:48;6,85;3,10;12,06;1,19; 996
23/11/2018 19:39:49;6,81;3,08;12,16;1,16; 994
23/11/2018 19:39:49;6,75;2,91;12,44;1,10; 994
23/11/2018 19:39:49;6,84;2,99;12,30;1,14; 994
23/11/2018 19:39:49;6,82;3,01;12,28;1,13; 992
23/11/2018 19:39:50;6,78;2,85;12,48;1,09; 996
23/11/2018 19:39:50;6,73;2,87;12,47;1,09;1000
23/11/2018 19:39:50;6,82;3,09;12,10;1,17; 996
23/11/2018 19:39:50;6,78;3,07;12,21;1,16; 998
23/11/2018 19:39:51;6,82;3,30;11,78;1,27;1000
23/11/2018 19:39:51;6,71;3,10;12,23;1,16;1002
23/11/2018 19:39:51;6,72;3,14;12,13;1,18;1002
23/11/2018 19:39:52;6,80;3,17;12,07;1,21;1002
23/11/2018 19:39:52;6,83;3,20;11,96;1,23;1002
23/11/2018 19:39:52;6,78;3,08;12,21;1,18;1002
23/11/2018 19:39:52;6,84;3,28;11,96;1,25;1000
23/11/2018 19:40:43;6,71;2,39;13,73;0,87;1006
23/11/2018 19:40:43;6,75;2,34;13,70;0,87;1006
23/11/2018 19:40:43;6,70;2,40;13,73;0,85;1006
23/11/2018 19:40:44;6,72;2,45;13,67;0,87;1006
23/11/2018 19:40:44;6,78;2,55;13,53;0,93;1004
23/11/2018 19:40:44;6,77;2,63;13,39;0,97;1006
23/11/2018 19:40:44;6,79;2,55;13,50;0,94;1006
23/11/2018 19:40:45;6,81;2,55;13,52;0,94;1004
23/11/2018 19:40:45;6,90;2,74;13,23;1,04;1002
23/11/2018 19:40:45;6,87;2,63;13,43;0,97;1002
23/11/2018 19:40:46;6,85;2,53;13,61;0,93;1002
23/11/2018 19:40:46;6,83;2,52;13,60;0,93;1004
23/11/2018 19:40:46;6,85;2,76;13,31;1,01;1004
23/11/2018 19:40:46;6,81;2,57;13,54;0,95;1004
23/11/2018 19:40:47;6,77;2,49;13,63;0,91;1004
23/11/2018 19:40:47;6,77;2,44;13,70;0,88;1004
23/11/2018 19:40:47;6,70;2,39;13,77;0,85;1006
23/11/2018 19:40:47;6,73;2,45;13,68;0,88;1006
23/11/2018 19:40:48;6,72;2,38;13,73;0,86;1008
23/11/2018 19:40:48;6,69;2,43;13,71;0,87;1006
23/11/2018 19:40:48;6,75;2,50;13,57;0,93;1008
23/11/2018 19:40:48;6,86;2,76;13,25;1,03;1006
23/11/2018 19:40:49;6,78;2,85;13,21;1,04;1008
23/11/2018 19:40:49;6,80;2,75;13,31;1,02;1010
23/11/2018 19:40:49;6,79;2,76;13,29;1,02;1012
23/11/2018 19:40:49;6,79;2,73;13,36;1,00;1010
23/11/2018 19:40:50;6,74;2,58;13,59;0,93;1010
23/11/2018 19:40:50;6,68;2,55;13,61;0,91;1012
23/11/2018 19:40:50;6,72;2,52;13,61;0,93;1010
23/11/2018 19:40:51;6,80;2,67;13,40;0,97;1010
23/11/2018 19:40:51;6,73;2,65;13,50;0,95;1010
23/11/2018 19:40:51;6,75;2,63;13,53;0,95;1008
23/11/2018 19:40:51;6,71;2,46;13,70;0,89;1012
23/11/2018 19:40:52;6,72;2,45;13,73;0,88;1010
23/11/2018 19:40:52;6,72;2,44;13,68;0,91;1010
23/11/2018 19:40:52;6,71;2,39;13,74;0,86;1010
23/11/2018 19:40:52;6,68;2,44;13,74;0,86;1008
23/11/2018 19:40:53;6,72;2,30;13,81;0,85;1008
23/11/2018 19:40:53;6,72;2,36;13,75;0,85;1006
23/11/2018 19:40:53;6,70;2,36;13,78;0,85;1006
23/11/2018 19:40:53;6,72;2,36;13,73;0,86;1006
23/11/2018 19:40:54;6,72;2,34;13,74;0,85;1008
23/11/2018 19:40:54;6,68;2,37;13,75;0,85;1006
23/11/2018 19:40:54;6,76;2,30;13,77;0,85;1004
23/11/2018 19:40:54;6,72;2,41;13,73;0,86;1002
23/11/2018 19:40:55;6,76;2,39;13,70;0,87;1002
23/11/2018 19:40:55;6,77;2,49;13,61;0,91;1004
23/11/2018 19:40:55;6,83;2,56;13,50;0,94;1004
23/11/2018 19:40:56;6,81;2,49;13,59;0,92;1004
23/11/2018 19:40:56;6,81;2,48;13,61;0,93;1004
23/11/2018 19:40:56;6,79;2,40;13,71;0,89;1004
23/11/2018 19:40:56;6,74;2,49;13,64;0,90;1004
23/11/2018 19:40:57;6,74;2,39;13,73;0,87;1006
23/11/2018 19:40:57;6,75;2,39;13,74;0,86;1006
23/11/2018 19:40:57;6,80;2,41;13,73;0,88;1002
23/11/2018 19:40:57;6,74;2,25;13,84;0,81;1004
23/11/2018 19:40:58;6,76;2,23;13,88;0,81;1002
23/11/2018 19:40:58;6,73;2,25;13,84;0,83;1002
23/11/2018 19:40:58;6,77;2,15;13,92;0,79;1000
23/11/2018 19:40:58;6,72;2,10;13,95;0,75;1000
23/11/2018 19:40:59;6,69;2,14;13,96;0,76; 998
23/11/2018 19:40:59;6,75;2,12;13,94;0,76; 998
23/11/2018 19:40:59;6,74;2,03;13,98;0,73; 998
23/11/2018 19:40:59;6,70;2,09;13,94;0,76;1000
23/11/2018 19:41:00;6,72;2,01;13,99;0,73;1000
23/11/2018 19:41:00;6,68;2,09;13,94;0,75;1002
23/11/2018 19:41:00;6,64;2,13;13,91;0,76;1002
23/11/2018 19:41:01;6,64;2,09;13,91;0,75;1006
23/11/2018 19:41:01;6,79;2,43;13,64;0,88;1002
23/11/2018 19:41:01;6,87;2,52;13,57;0,93; 998
23/11/2018 19:41:01;6,84;2,40;13,68;0,88; 998
23/11/2018 19:41:02;6,85;2,36;13,73;0,88; 996
23/11/2018 19:41:02;6,81;2,17;13,92;0,80; 996
23/11/2018 19:41:02;6,80;2,27;13,80;0,83; 998
23/11/2018 19:41:02;6,77;2,31;13,78;0,85;1000
23/11/2018 19:41:03;6,72;2,19;13,91;0,79;1002
23/11/2018 19:41:03;6,72;2,18;13,89;0,79;1002
23/11/2018 19:41:03;6,69;2,18;13,95;0,77;1002
23/11/2018 19:41:03;6,73;2,40;13,67;0,87;1004
23/11/2018 19:41:04;6,83;2,63;13,43;0,98;1002
23/11/2018 19:41:04;6,80;2,51;13,59;0,93;1004
23/11/2018 19:41:04;6,68;2,37;13,73;0,86;1008
23/11/2018 19:41:04;6,80;2,56;13,49;0,94;1004
23/11/2018 19:41:05;6,79;2,56;13,49;0,96;1006
23/11/2018 19:41:05;6,86;2,75;13,31;1,00;1006
23/11/2018 19:41:05;6,87;2,80;13,25;1,04;1004
23/11/2018 19:41:06;6,85;2,70;13,39;1,00;1006
23/11/2018 19:41:06;6,84;2,60;13,56;0,96;1006
23/11/2018 19:41:06;6,83;2,66;13,46;0,99;1006
23/11/2018 19:45:12;13,19;1,95;13,91;1,35; 660
23/11/2018 19:45:12;13,18;1,90;13,96;1,33; 660
23/11/2018 19:45:12;13,11;1,84;14,03;1,30; 664
23/11/2018 19:45:12;13,31;2,05;13,85;1,44; 662
23/11/2018 19:45:13;13,13;1,98;13,98;1,37; 668
23/11/2018 19:45:13;13,06;2,01;13,95;1,37; 670
23/11/2018 19:45:13;13,05;2,04;13,94;1,40; 672
23/11/2018 19:45:13;12,99;2,04;14,01;1,37; 674
23/11/2018 19:45:14;12,93;2,09;13,92;1,38; 676
23/11/2018 19:45:14;13,00;1,97;14,01;1,34; 676
23/11/2018 19:45:14;12,98;2,01;13,99;1,37; 680
23/11/2018 19:45:14;12,97;2,08;14,01;1,39; 682
23/11/2018 19:45:15;12,95;2,14;13,95;1,45; 686
23/11/2018 19:45:15;13,17;2,47;13,56;1,68; 684
23/11/2018 19:45:15;13,22;2,40;13,71;1,66; 686
23/11/2018 19:45:15;13,13;2,29;13,96;1,57; 688
23/11/2018 19:45:16;13,14;2,28;14,02;1,55; 690
23/11/2018 19:45:16;13,12;2,38;13,95;1,61; 696
23/11/2018 19:45:16;13,15;2,57;13,78;1,72; 696
23/11/2018 19:45:16;13,11;2,43;14,03;1,63; 700
23/11/2018 19:45:17;13,03;2,50;13,99;1,64; 702
23/11/2018 19:45:17;12,99;2,53;14,02;1,64; 706
23/11/2018 19:45:17;13,08;2,64;13,91;1,75; 708
23/11/2018 19:45:18;13,04;2,58;13,98;1,71; 710
23/11/2018 19:45:18;13,04;2,74;14,01;1,77; 712
23/11/2018 19:45:18;12,97;2,78;13,99;1,80; 716
23/11/2018 19:45:18;13,24;3,00;13,91;2,01; 714
23/11/2018 19:45:19;13,11;2,97;13,96;1,97; 720
23/11/2018 19:45:19;13,18;3,03;13,95;2,04; 720
23/11/2018 19:45:19;13,14;3,00;13,95;2,01; 722
23/11/2018 19:45:19;13,07;3,10;13,94;2,02; 724
23/11/2018 19:45:20;13,18;3,22;13,91;2,09; 722
23/11/2018 19:45:20;13,13;3,17;13,94;2,09; 724
23/11/2018 19:45:20;13,14;3,19;13,89;2,12; 724
23/11/2018 19:45:20;13,13;3,09;14,01;2,04; 724
23/11/2018 19:45:21;13,19;3,15;13,94;2,10; 724
23/11/2018 19:45:21;13,20;3,08;14,01;2,05; 722
23/11/2018 19:45:21;13,17;3,15;14,01;2,06; 724
23/11/2018 19:45:22;13,10;3,18;13,95;2,10; 728
23/11/2018 19:45:22;13,04;3,20;13,96;2,07; 728
23/11/2018 19:45:22;12,99;3,14;13,98;2,04; 730
23/11/2018 19:45:22;12,99;3,21;13,92;2,09; 734
23/11/2018 19:45:23;12,91;3,25;13,91;2,09; 736
23/11/2018 19:45:23;12,89;3,25;13,89;2,09; 738
23/11/2018 19:45:23;12,90;3,25;13,89;2,09; 734
23/11/2018 19:45:23;12,98;3,28;13,92;2,09; 732
23/11/2018 19:45:24;12,93;3,28;13,95;2,10; 734
23/11/2018 19:45:24;12,99;3,23;13,98;2,09; 734
23/11/2018 19:45:24;13,04;3,27;13,98;2,10; 730
23/11/2018 19:45:24;12,99;3,21;13,99;2,09; 734
23/11/2018 19:45:25;13,10;3,25;13,99;2,10; 728
23/11/2018 19:45:25;13,13;3,24;13,99;2,09; 730
23/11/2018 19:45:25;12,97;3,24;13,99;2,09; 734
23/11/2018 19:45:25;12,86;3,24;13,98;2,06; 738
23/11/2018 19:45:26;12,82;3,25;13,99;2,08; 740
23/11/2018 19:45:26;12,76;3,27;13,96;2,06; 742
23/11/2018 19:45:26;12,77;3,29;13,99;2,06; 740
23/11/2018 19:45:27;12,75;3,27;13,99;2,05; 742
23/11/2018 19:45:27;12,73;3,25;13,96;2,05; 744
23/11/2018 19:45:27;12,68;3,25;13,99;2,06; 746
23/11/2018 19:45:27;12,54;3,26;13,99;2,02; 752
23/11/2018 19:45:28;12,54;3,21;13,99;2,02; 754
23/11/2018 19:45:28;12,45;3,25;13,99;2,01; 758
23/11/2018 19:45:28;12,27;3,28;13,95;1,97; 762
23/11/2018 19:45:28;12,25;3,24;13,92;1,97; 766
23/11/2018 19:45:29;12,31;3,27;13,91;1,99; 762
23/11/2018 19:45:29;12,26;3,23;13,94;1,98; 766
23/11/2018 19:45:29;12,31;3,23;13,95;1,99; 764
23/11/2018 19:45:29;12,31;3,23;13,94;2,00; 764
23/11/2018 19:45:30;12,34;3,29;13,94;1,99; 762
23/11/2018 19:45:30;12,41;3,22;13,96;2,00; 760
23/11/2018 19:45:30;12,40;3,23;13,98;2,01; 760
23/11/2018 19:45:30;12,45;3,26;13,98;2,01; 756
23/11/2018 19:45:31;12,43;3,23;14,01;2,01; 758
23/11/2018 19:45:31;12,38;3,23;13,96;2,00; 762
23/11/2018 19:45:31;12,27;3,23;13,98;1,99; 766
23/11/2018 19:45:32;12,21;3,28;13,96;1,97; 768
23/11/2018 19:45:32;12,18;3,25;13,96;1,97; 768
23/11/2018 19:45:32;12,23;3,26;13,98;1,99; 766
23/11/2018 19:45:32;12,21;3,23;13,96;1,97; 768
23/11/2018 19:45:33;12,19;3,25;13,98;1,97; 768
23/11/2018 19:45:33;12,30;3,24;13,98;1,98; 764
23/11/2018 19:45:33;12,29;3,24;13,99;1,99; 766
23/11/2018 19:45:33;12,34;3,26;13,99;2,00; 762
23/11/2018 19:45:34;12,35;3,23;13,99;2,00; 764
23/11/2018 19:45:34;12,24;3,23;13,96;1,97; 766
23/11/2018 19:45:34;12,11;3,27;13,98;1,95; 770
23/11/2018 19:45:34;12,06;3,24;13,95;1,95; 774
23/11/2018 19:45:35;12,15;3,27;13,96;1,96; 772
23/11/2018 19:45:35;12,12;3,23;13,98;1,96; 774
23/11/2018 19:45:35;12,16;3,24;13,96;1,97; 770
23/11/2018 19:45:35;12,05;3,26;13,96;1,94; 774
23/11/2018 19:45:36;12,11;3,24;13,96;1,95; 774
23/11/2018 19:45:36;12,12;3,21;13,98;1,96; 774
23/11/2018 19:45:36;12,05;3,27;13,98;1,94; 774
23/11/2018 19:45:37;12,15;3,25;13,98;1,96; 772
23/11/2018 19:45:37;12,13;3,25;13,96;1,95; 772
23/11/2018 19:45:37;12,10;3,27;13,98;1,94; 772
23/11/2018 19:45:37;12,08;3,22;13,98;1,94; 774
23/11/2018 19:45:38;12,13;3,23;13,99;1,94; 772
23/11/2018 19:45:38;12,03;3,25;13,98;1,94; 778
23/11/2018 19:45:38;12,00;3,24;13,98;1,93; 780
23/11/2018 19:45:38;11,99;3,24;13,98;1,92; 780
23/11/2018 19:45:39;11,94;3,28;13,98;1,93; 780
23/11/2018 19:45:39;11,86;3,25;13,96;1,91; 784
23/11/2018 19:45:39;11,83;3,23;13,98;1,92; 786
23/11/2018 19:45:39;11,81;3,20;13,98;1,91; 788
23/11/2018 19:45:40;11,76;3,24;13,96;1,89; 790
23/11/2018 19:45:40;11,82;3,25;13,96;1,90; 788
23/11/2018 19:45:40;11,77;3,28;13,96;1,89; 788
23/11/2018 19:45:40;11,74;3,24;13,95;1,89; 790
23/11/2018 19:45:41;11,72;3,21;13,95;1,89; 792
23/11/2018 19:45:41;11,82;3,23;13,99;1,90; 788
23/11/2018 19:45:41;11,78;3,26;13,99;1,90; 786
23/11/2018 19:45:42;11,83;3,32;13,99;1,91; 784
23/11/2018 19:45:42;11,80;3,27;13,99;1,91; 788
23/11/2018 19:45:42;11,64;3,32;13,99;1,87; 792
23/11/2018 19:45:42;11,63;3,25;13,99;1,88; 794
23/11/2018 19:45:43;11,64;3,23;13,98;1,88; 794
23/11/2018 19:45:43;11,70;3,23;13,98;1,88; 792
23/11/2018 19:45:43;11,74;3,23;13,99;1,88; 792
23/11/2018 19:45:43;11,61;3,30;13,99;1,87; 794
23/11/2018 19:45:44;11,70;3,26;13,99;1,88; 794
23/11/2018 19:45:44;11,64;3,25;14,02;1,87; 796
23/11/2018 19:45:44;11,55;3,23;14,01;1,86; 800
23/11/2018 19:45:44;11,56;3,24;13,99;1,85; 800
23/11/2018 19:45:45;11,56;3,25;14,01;1,85; 800
23/11/2018 19:45:45;11,50;3,23;14,01;1,85; 802
23/11/2018 19:45:45;11,43;3,29;13,99;1,85; 802
23/11/2018 19:45:46;11,39;3,28;13,99;1,83; 804
23/11/2018 19:45:46;11,33;3,30;13,99;1,80; 806
23/11/2018 19:45:46;11,35;3,28;13,98;1,81; 806
23/11/2018 19:45:46;11,33;3,25;13,98;1,81; 810
23/11/2018 19:45:47;11,29;3,25;13,99;1,82; 812
23/11/2018 19:45:47;11,39;3,25;13,96;1,82; 808
23/11/2018 19:45:47;11,33;3,28;13,99;1,80; 806
23/11/2018 19:45:47;11,39;3,26;13,98;1,81; 806
23/11/2018 19:45:48;11,29;3,27;13,98;1,79; 810
23/11/2018 19:45:48;11,30;3,26;13,96;1,80; 810
23/11/2018 19:45:48;11,21;3,25;13,96;1,78; 814
23/11/2018 19:45:48;11,27;3,31;13,98;1,81; 810
23/11/2018 19:45:49;11,30;3,27;13,98;1,82; 812
23/11/2018 19:45:49;11,30;3,24;13,98;1,79; 810
23/11/2018 19:45:49;11,34;3,26;13,98;1,80; 808
23/11/2018 19:45:49;11,25;3,29;13,99;1,80; 810
23/11/2018 19:45:50;11,21;3,29;13,98;1,80; 812
23/11/2018 19:45:50;11,28;3,27;13,99;1,80; 810
23/11/2018 19:45:50;11,31;3,24;13,98;1,80; 810
23/11/2018 19:45:51;11,30;3,28;13,96;1,81; 810
23/11/2018 19:45:51;11,30;3,26;13,98;1,81; 812
23/11/2018 19:45:51;11,27;3,23;13,96;1,80; 814
23/11/2018 19:45:51;11,27;3,19;13,96;1,80; 814
23/11/2018 19:45:52;11,20;3,28;13,95;1,78; 814
23/11/2018 19:45:52;11,17;3,26;13,96;1,79; 818
23/11/2018 19:45:52;11,08;3,23;13,96;1,78; 822
23/11/2018 19:45:52;10,99;3,22;13,96;1,76; 826
23/11/2018 19:45:53;10,94;3,23;13,98;1,76; 828
23/11/2018 19:45:53;10,92;3,24;13,99;1,76; 828
23/11/2018 19:45:53;11,04;3,24;13,99;1,77; 824
23/11/2018 19:45:53;10,99;3,26;14,01;1,76; 826
23/11/2018 19:45:54;10,95;3,25;13,98;1,76; 828
23/11/2018 19:45:54;10,85;3,29;13,99;1,75; 830
23/11/2018 19:45:54;10,78;3,23;13,96;1,74; 834
23/11/2018 19:45:54;10,78;3,23;13,99;1,73; 834
23/11/2018 19:45:55;10,79;3,19;13,96;1,73; 836
23/11/2018 19:45:55;10,81;3,25;13,98;1,74; 834
23/11/2018 19:45:55;10,86;3,29;13,98;1,74; 830
23/11/2018 19:45:56;10,86;3,28;13,98;1,75; 830
23/11/2018 19:45:56;10,87;3,25;13,99;1,74; 830
23/11/2018 19:45:56;10,90;3,23;13,98;1,74; 830
23/11/2018 19:45:56;10,88;3,27;13,98;1,73; 830
23/11/2018 19:45:57;10,85;3,26;13,98;1,74; 830
23/11/2018 19:45:57;10,85;3,27;13,99;1,74; 832
23/11/2018 19:45:57;10,78;3,25;13,99;1,73; 836
23/11/2018 19:45:57;10,69;3,23;13,98;1,71; 838
23/11/2018 19:45:58;10,66;3,28;13,96;1,71; 838
23/11/2018 19:45:58;10,63;3,26;13,96;1,70; 842
23/11/2018 19:45:58;10,56;3,25;13,96;1,68; 846
23/11/2018 19:45:58;10,56;3,32;13,95;1,70; 842
23/11/2018 19:45:59;10,61;3,25;13,95;1,70; 844
23/11/2018 19:45:59;10,61;3,28;13,95;1,72; 842
23/11/2018 19:45:59;10,56;3,25;13,94;1,70; 846
23/11/2018 19:45:59;10,48;3,25;13,88;1,68; 848
23/11/2018 19:46:00;10,42;3,21;13,86;1,67; 852
23/11/2018 19:46:00;10,45;3,25;13,84;1,68; 852
23/11/2018 19:46:00;10,43;3,27;13,86;1,68; 850
23/11/2018 19:46:01;10,44;3,29;13,86;1,68; 848
23/11/2018 19:46:01;10,48;3,24;13,86;1,68; 850
23/11/2018 19:46:01;10,51;3,24;13,86;1,69; 848
23/11/2018 19:46:01;10,51;3,25;13,86;1,71; 846
23/11/2018 19:46:02;10,57;3,24;13,88;1,70; 846
23/11/2018 19:46:02;10,48;3,25;13,91;1,69; 850
23/11/2018 19:46:02;10,42;3,28;13,92;1,68; 850
23/11/2018 19:46:02;10,40;3,27;13,92;1,68; 850
23/11/2018 19:46:03;10,40;3,26;13,92;1,68; 850
23/11/2018 19:46:03;10,33;3,23;13,92;1,67; 854
23/11/2018 19:46:03;10,43;3,20;13,95;1,68; 852
23/11/2018 19:46:03;10,51;3,26;13,94;1,70; 848
23/11/2018 19:46:04;10,55;3,25;13,94;1,69; 846
23/11/2018 19:46:04;10,52;3,25;13,95;1,70; 846
23/11/2018 19:46:04;10,48;3,24;13,95;1,69; 848
23/11/2018 19:46:05;10,49;3,28;13,94;1,70; 848
23/11/2018 19:46:05;10,34;3,18;13,92;1,66; 856
23/11/2018 19:46:05;10,34;3,24;13,92;1,66; 856
23/11/2018 19:46:05;10,30;3,25;13,94;1,65; 858
23/11/2018 19:46:06;10,34;3,26;13,95;1,67; 856
23/11/2018 19:46:06;10,29;3,26;13,89;1,68; 860
23/11/2018 19:46:06;10,22;3,23;13,91;1,65; 862
23/11/2018 19:46:06;10,09;3,30;13,92;1,64; 864
23/11/2018 19:46:07;10,10;3,24;13,91;1,63; 866
23/11/2018 19:46:07;10,08;3,25;13,89;1,62; 868
23/11/2018 19:46:07;10,09;3,23;13,91;1,62; 868
23/11/2018 19:46:07;10,03;3,27;13,91;1,63; 868
23/11/2018 19:46:08;10,09;3,24;13,86;1,64; 868
23/11/2018 19:46:08;10,02;3,22;13,85;1,61; 872
23/11/2018 19:46:08;10,06;3,19;13,85;1,63; 870
23/11/2018 19:46:08;10,17;3,24;13,85;1,64; 862
23/11/2018 19:46:09;10,19;3,26;13,86;1,64; 862
23/11/2018 19:46:09;10,21;3,23;13,85;1,64; 862
23/11/2018 19:46:09;10,18;3,23;13,84;1,64; 864
23/11/2018 19:46:10;10,26;3,24;13,86;1,65; 860
23/11/2018 19:46:10;10,29;3,26;13,86;1,67; 856
23/11/2018 19:46:10;10,21;3,24;13,86;1,64; 862
23/11/2018 19:46:10;10,22;3,25;13,86;1,66; 860
23/11/2018 19:46:11;10,22;3,24;13,86;1,64; 862
23/11/2018 19:46:11;10,21;3,28;13,88;1,64; 860
23/11/2018 19:46:11;10,23;3,24;13,88;1,65; 858
23/11/2018 19:46:11;10,29;3,23;13,89;1,64; 858
23/11/2018 19:46:12;10,32;3,19;13,88;1,66; 856
23/11/2018 19:46:12;10,34;3,25;13,89;1,67; 854
23/11/2018 19:46:12;10,34;3,23;13,88;1,68; 856
23/11/2018 19:46:12;10,34;3,24;13,89;1,68; 856
23/11/2018 19:46:13;10,29;3,26;13,88;1,68; 856
23/11/2018 19:46:13;10,30;3,23;13,89;1,66; 858
23/11/2018 19:46:13;10,16;3,28;13,92;1,65; 860
23/11/2018 19:46:13;10,25;3,24;13,91;1,66; 858
23/11/2018 19:46:14;10,24;3,25;13,91;1,66; 860
23/11/2018 19:46:14;10,29;3,24;13,91;1,67; 858
23/11/2018 19:46:14;10,29;3,23;13,91;1,68; 858
23/11/2018 19:46:15;10,30;3,28;13,92;1,67; 854
23/11/2018 19:46:15;10,29;3,23;13,91;1,67; 856
23/11/2018 19:46:15;10,30;3,19;13,91;1,68; 858
23/11/2018 19:46:15;10,37;3,25;13,91;1,68; 854
23/11/2018 19:46:16;10,42;3,24;13,92;1,69; 850
23/11/2018 19:46:16;10,41;3,24;13,94;1,68; 852
23/11/2018 19:46:16;10,34;3,25;13,91;1,66; 854
23/11/2018 19:46:16;10,39;3,23;13,91;1,67; 854
23/11/2018 19:46:17;10,33;3,20;13,92;1,68; 856
23/11/2018 19:46:17;10,33;3,28;13,92;1,66; 854
23/11/2018 19:46:17;10,47;3,25;13,92;1,69; 850
23/11/2018 19:46:17;10,38;3,30;13,92;1,67; 850
23/11/2018 19:46:18;10,42;3,26;13,94;1,66; 850
23/11/2018 19:46:18;10,47;3,27;13,95;1,68; 848
23/11/2018 19:46:18;10,49;3,27;13,91;1,70; 846
23/11/2018 19:46:18;10,52;3,23;13,95;1,68; 848
23/11/2018 19:46:19;10,51;3,25;13,95;1,69; 848
23/11/2018 19:46:19;10,51;3,25;13,95;1,68; 846
23/11/2018 19:46:19;10,53;3,28;13,96;1,68; 844
23/11/2018 19:46:20;10,61;3,27;13,94;1,71; 842
23/11/2018 19:46:20;10,53;3,24;13,95;1,70; 848
23/11/2018 19:46:20;10,48;3,19;13,96;1,68; 850
23/11/2018 19:46:20;10,48;3,25;13,99;1,68; 850
23/11/2018 19:46:21;10,32;3,27;13,99;1,64; 856
23/11/2018 19:46:48;9,32;3,26;13,75;1,50; 906
23/11/2018 19:46:48;9,23;3,28;13,75;1,49; 908
23/11/2018 19:46:49;9,31;3,27;13,78;1,52; 904
23/11/2018 19:46:49;9,30;3,24;13,73;1,51; 906
23/11/2018 19:46:49;9,21;3,23;13,71;1,47; 910
23/11/2018 19:46:49;9,25;3,28;13,70;1,50; 908
23/11/2018 19:46:50;9,23;3,19;13,73;1,49; 910
23/11/2018 19:46:50;9,19;3,24;13,71;1,48; 912
23/11/2018 19:46:50;9,21;3,28;13,70;1,50; 910
23/11/2018 19:46:50;9,16;3,24;13,70;1,48; 912
23/11/2018 19:46:51;9,14;3,33;13,71;1,49; 910
23/11/2018 19:46:51;9,24;3,23;13,70;1,49; 908
23/11/2018 19:46:51;9,26;3,23;13,74;1,49; 906
23/11/2018 19:46:51;9,39;3,25;13,73;1,52; 902
23/11/2018 19:46:52;9,30;3,24;13,73;1,49; 906
23/11/2018 19:46:52;9,32;3,30;13,73;1,51; 902
23/11/2018 19:46:52;9,30;3,27;13,71;1,50; 906
23/11/2018 19:46:52;9,34;3,24;13,73;1,50; 904
23/11/2018 19:46:53;9,29;3,25;13,71;1,51; 904
23/11/2018 19:46:53;9,33;3,22;13,71;1,51; 904
23/11/2018 19:46:53;9,35;3,30;13,75;1,52; 900
23/11/2018 19:46:54;9,37;3,26;13,74;1,51; 900
23/11/2018 19:46:54;9,36;3,23;13,71;1,49; 902
23/11/2018 19:46:54;9,32;3,23;13,70;1,50; 904
23/11/2018 19:46:54;9,25;3,28;13,67;1,49; 904
23/11/2018 19:46:55;9,29;3,27;13,68;1,51; 904
23/11/2018 19:46:55;9,29;3,28;13,70;1,51; 902
23/11/2018 19:46:55;9,26;3,20;13,67;1,52; 904
23/11/2018 19:46:55;9,34;3,27;13,74;1,51; 898
23/11/2018 19:46:56;9,39;3,27;13,73;1,53; 898
23/11/2018 19:46:56;9,39;3,25;13,77;1,53; 898
23/11/2018 19:46:56;9,41;3,27;13,75;1,53; 894
23/11/2018 19:46:56;9,42;3,28;13,78;1,54; 894
23/11/2018 19:46:57;9,30;3,26;13,78;1,51; 902
23/11/2018 19:46:57;9,34;3,27;13,74;1,51; 900
23/11/2018 19:46:57;9,33;3,25;13,73;1,50; 900
23/11/2018 19:46:57;9,37;3,26;13,74;1,51; 898
23/11/2018 19:46:58;9,41;3,26;13,74;1,52; 898
23/11/2018 19:46:58;9,37;3,32;13,74;1,52; 896
23/11/2018 19:46:58;9,27;3,24;13,71;1,50; 904
23/11/2018 19:46:59;9,25;3,23;13,71;1,51; 906
23/11/2018 19:46:59;9,17;3,24;13,70;1,49; 910
23/11/2018 19:46:59;9,04;3,27;13,68;1,48; 914
23/11/2018 19:46:59;9,02;3,26;13,65;1,45; 916
23/11/2018 19:47:00;8,99;3,25;13,64;1,45; 920
23/11/2018 19:47:00;8,95;3,27;13,65;1,45; 920
23/11/2018 19:47:00;9,02;3,26;13,64;1,47; 916
23/11/2018 19:47:00;8,96;3,25;13,65;1,45; 920
23/11/2018 19:47:01;8,95;3,25;13,64;1,45; 918
23/11/2018 19:47:01;9,01;3,19;13,65;1,45; 918
23/11/2018 19:47:01;9,05;3,26;13,67;1,45; 916
23/11/2018 19:47:01;9,09;3,29;13,67;1,46; 912
23/11/2018 19:47:02;9,12;3,28;13,70;1,47; 910
23/11/2018 19:47:02;9,18;3,26;13,68;1,46; 910
23/11/2018 19:47:02;9,16;3,30;13,70;1,47; 908
23/11/2018 19:47:02;9,10;3,25;13,67;1,46; 912
23/11/2018 19:47:03;9,07;3,28;13,67;1,45; 912
23/11/2018 19:47:03;9,19;3,25;13,70;1,48; 910
23/11/2018 19:47:03;9,17;3,28;13,70;1,49; 908
23/11/2018 19:47:04;9,15;3,28;13,68;1,47; 910
23/11/2018 19:47:04;9,23;3,24;13,70;1,49; 908
23/11/2018 19:47:04;9,12;3,24;13,71;1,48; 914
23/11/2018 19:47:04;8,98;3,25;13,70;1,45; 920
23/11/2018 19:47:05;8,92;3,23;13,68;1,44; 922
23/11/2018 19:47:05;9,02;3,27;13,68;1,44; 918
23/11/2018 19:47:05;8,97;3,28;13,67;1,44; 918
23/11/2018 19:47:05;9,01;3,26;13,67;1,44; 918
23/11/2018 19:47:06;9,04;3,28;13,67;1,46; 916
23/11/2018 19:47:06;9,05;3,24;13,67;1,45; 918
23/11/2018 19:47:06;8,99;3,23;13,68;1,45; 920
23/11/2018 19:47:06;8,96;3,25;13,67;1,45; 920
23/11/2018 19:47:07;9,05;3,24;13,68;1,45; 918
23/11/2018 19:47:07;9,07;3,25;13,67;1,45; 914
23/11/2018 19:47:07;9,12;3,32;13,71;1,48; 910
23/11/2018 19:47:07;9,07;3,30;13,71;1,45; 912
23/11/2018 19:47:08;9,16;3,24;13,70;1,47; 912
23/11/2018 19:47:08;9,17;3,24;13,70;1,47; 912
23/11/2018 19:47:08;9,20;3,26;13,70;1,47; 908
23/11/2018 19:47:09;9,21;3,23;13,73;1,48; 908
23/11/2018 19:47:09;9,23;3,25;13,73;1,47; 908
23/11/2018 19:47:09;9,19;3,31;13,73;1,47; 906
23/11/2018 19:47:09;9,20;3,26;13,71;1,46; 908
23/11/2018 19:47:10;9,28;3,28;13,73;1,48; 904
23/11/2018 19:47:10;9,27;3,26;13,74;1,49; 904
23/11/2018 19:47:10;9,31;3,24;13,73;1,49; 904
23/11/2018 19:47:10;9,29;3,21;13,74;1,49; 906
23/11/2018 19:47:11;9,24;3,23;13,73;1,48; 908
23/11/2018 19:47:11;9,20;3,26;13,73;1,48; 910
23/11/2018 19:47:11;9,16;3,26;13,71;1,47; 912
23/11/2018 19:47:11;9,07;3,30;13,71;1,45; 912
23/11/2018 19:47:12;9,12;3,26;13,70;1,46; 912
23/11/2018 19:47:12;9,08;3,24;13,67;1,45; 916
23/11/2018 19:47:12;9,12;3,25;13,70;1,47; 914
23/11/2018 19:47:12;9,09;3,28;13,70;1,47; 914
23/11/2018 19:47:13;9,07;3,30;13,71;1,46; 912
23/11/2018 19:47:13;9,12;3,28;13,70;1,48; 912
23/11/2018 19:47:13;9,12;3,26;13,70;1,46; 914
23/11/2018 19:47:14;9,12;3,24;13,70;1,48; 912
23/11/2018 19:47:14;9,15;3,31;13,73;1,47; 908
23/11/2018 19:47:14;9,19;3,25;13,71;1,48; 910
23/11/2018 19:47:14;9,12;3,24;13,73;1,47; 912
23/11/2018 19:47:15;9,13;3,26;13,68;1,48; 914
23/11/2018 19:47:15;9,09;3,22;13,68;1,45; 916
23/11/2018 19:47:15;9,06;3,28;13,68;1,45; 916
23/11/2018 19:47:15;8,98;3,32;13,68;1,45; 918
23/11/2018 19:47:16;8,89;3,25;13,63;1,44; 924
23/11/2018 19:47:16;8,91;3,27;13,67;1,41; 924
23/11/2018 19:47:16;8,86;3,28;13,63;1,41; 926
23/11/2018 19:47:16;8,90;3,26;13,64;1,41; 926
23/11/2018 19:47:17;8,92;3,25;13,63;1,43; 924
23/11/2018 19:47:17;8,91;3,28;13,65;1,42; 924
23/11/2018 19:47:17;8,86;3,26;13,63;1,42; 928
23/11/2018 19:47:17;8,77;3,29;13,63;1,40; 930
23/11/2018 19:47:18;8,77;3,26;13,60;1,39; 932
23/11/2018 19:47:18;8,70;3,28;13,59;1,38; 936
23/11/2018 19:47:18;8,63;3,19;13,57;1,37; 940
23/11/2018 19:47:19;8,64;3,28;13,59;1,37; 938
23/11/2018 19:47:19;8,60;3,31;13,60;1,36; 938
23/11/2018 19:47:19;8,70;3,26;13,57;1,40; 934
23/11/2018 19:47:19;8,72;3,30;13,57;1,40; 932
23/11/2018 19:47:20;8,77;3,24;13,60;1,41; 930
23/11/2018 19:47:20;8,73;3,23;13,60;1,40; 934
23/11/2018 19:47:20;8,70;3,27;13,61;1,39; 934
23/11/2018 19:47:20;8,75;3,25;13,59;1,40; 932
23/11/2018 19:47:21;8,80;3,26;13,61;1,40; 930
23/11/2018 19:47:21;8,77;3,26;13,61;1,40; 932
23/11/2018 19:47:21;8,86;3,28;13,73;1,41; 928
23/11/2018 19:47:21;8,87;3,26;13,67;1,42; 926
23/11/2018 19:47:22;8,93;3,24;13,68;1,45; 924
23/11/2018 19:47:22;8,89;3,23;13,65;1,43; 924
23/11/2018 19:47:22;8,86;3,19;13,65;1,45; 928
23/11/2018 19:47:22;8,81;3,24;13,61;1,42; 930
23/11/2018 19:47:23;8,86;3,26;13,63;1,43; 926
23/11/2018 19:47:23;8,91;3,28;13,64;1,44; 924
23/11/2018 19:47:23;8,86;3,27;13,65;1,43; 924
23/11/2018 19:47:24;8,87;3,27;13,67;1,45; 926
23/11/2018 19:47:24;8,86;3,24;13,64;1,45; 926
23/11/2018 19:47:24;8,95;3,16;13,65;1,45; 924
23/11/2018 19:47:24;9,01;3,22;13,74;1,47; 922
23/11/2018 19:47:25;8,95;3,24;13,70;1,45; 922
23/11/2018 19:47:25;8,92;3,26;13,68;1,45; 922
23/11/2018 19:47:25;8,99;3,27;13,65;1,44; 920
23/11/2018 19:47:25;8,99;3,24;13,65;1,46; 922
23/11/2018 19:47:26;8,82;3,28;13,65;1,44; 928
23/11/2018 19:47:26;8,88;3,25;13,64;1,45; 926
23/11/2018 19:47:26;8,84;3,18;13,65;1,44; 930
23/11/2018 19:47:26;8,94;3,24;13,65;1,45; 924
23/11/2018 19:47:27;8,83;3,24;13,65;1,42; 930
23/11/2018 19:47:27;8,76;3,24;13,63;1,41; 934
23/11/2018 19:47:27;8,70;3,25;13,63;1,41; 934
23/11/2018 19:47:27;8,69;3,28;13,61;1,40; 932
23/11/2018 19:47:28;8,88;3,24;13,64;1,43; 928
23/11/2018 19:47:28;8,81;3,19;13,64;1,43; 930
23/11/2018 19:47:28;8,76;3,25;13,60;1,42; 934
23/11/2018 19:47:29;8,73;3,24;13,61;1,41; 934
23/11/2018 19:47:29;8,67;3,28;13,60;1,40; 936
23/11/2018 19:47:29;8,74;3,25;13,68;1,42; 934
23/11/2018 19:47:29;8,77;3,23;13,65;1,42; 932
23/11/2018 19:47:30;8,78;3,24;13,63;1,42; 932
23/11/2018 19:47:30;8,72;3,25;13,59;1,41; 934
23/11/2018 19:47:30;8,71;3,23;13,57;1,40; 936
23/11/2018 19:47:30;8,65;3,29;13,59;1,40; 936
23/11/2018 19:47:31;8,72;3,23;13,56;1,41; 936
23/11/2018 19:47:31;8,74;3,24;13,54;1,42; 932
23/11/2018 19:47:31;8,76;3,24;13,64;1,41; 932
23/11/2018 19:47:31;8,80;3,23;13,60;1,43; 930
23/11/2018 19:47:32;8,76;3,23;13,63;1,43; 932
23/11/2018 19:47:32;8,81;3,27;13,63;1,43; 928
23/11/2018 19:47:32;8,95;3,25;13,64;1,45; 922
23/11/2018 19:47:32;8,95;3,25;13,63;1,46; 922
23/11/2018 19:47:33;9,03;3,26;13,63;1,47; 918
23/11/2018 19:47:33;9,05;3,29;13,64;1,47; 918
23/11/2018 19:47:33;9,03;3,23;13,63;1,47; 918
23/11/2018 19:47:34;9,10;3,23;13,65;1,48; 916
23/11/2018 19:47:34;9,07;3,28;13,65;1,49; 914
23/11/2018 19:47:34;9,07;3,23;13,67;1,47; 918
23/11/2018 19:47:34;9,07;3,23;13,65;1,45; 918
23/11/2018 19:47:35;8,98;3,28;13,64;1,45; 918
23/11/2018 19:47:35;8,87;3,27;13,64;1,45; 924
23/11/2018 19:47:35;8,99;3,23;13,63;1,46; 922
23/11/2018 19:47:35;8,95;3,25;13,65;1,45; 922
23/11/2018 19:47:36;8,97;3,23;13,65;1,46; 920
23/11/2018 19:47:36;9,07;3,19;13,68;1,48; 918
23/11/2018 19:47:36;9,08;3,23;13,70;1,45; 918
23/11/2018 19:47:36;9,05;3,24;13,68;1,45; 920
23/11/2018 19:47:37;9,02;3,23;13,67;1,46; 922
23/11/2018 19:47:37;8,93;3,23;13,64;1,45; 926
23/11/2018 19:47:37;8,84;3,26;13,63;1,42; 930
23/11/2018 19:47:37;8,73;3,26;13,61;1,42; 934
23/11/2018 19:47:38;8,74;3,17;13,57;1,41; 936
23/11/2018 19:47:38;8,76;3,27;13,60;1,43; 932
23/11/2018 19:47:38;8,82;3,23;13,65;1,44; 932
23/11/2018 19:47:39;8,78;3,23;13,59;1,42; 934
23/11/2018 19:47:39;8,76;3,23;13,60;1,40; 932
23/11/2018 19:47:39;8,76;3,25;13,63;1,40; 932
23/11/2018 19:47:39;8,75;3,25;13,64;1,40; 936
23/11/2018 19:47:40;8,68;3,19;13,60;1,40; 940
23/11/2018 19:47:40;8,60;3,24;13,63;1,39; 944
23/11/2018 19:47:40;8,58;3,27;13,54;1,38; 942
23/11/2018 19:47:40;8,63;3,27;13,61;1,40; 940
23/11/2018 19:49:32;12,51;3,23;14,01;2,01; 556
23/11/2018 19:49:32;12,40;3,25;13,99;2,00; 558
23/11/2018 19:49:33;12,33;3,24;13,99;1,99; 562
23/11/2018 19:49:33;12,20;3,23;14,01;1,97; 570
23/11/2018 19:49:33;12,01;3,18;13,96;1,95; 578
23/11/2018 19:49:33;12,00;3,23;13,95;1,93; 578
23/11/2018 19:49:34;12,09;3,23;13,96;1,94; 574
23/11/2018 19:49:34;12,01;3,23;13,96;1,93; 576
23/11/2018 19:49:34;12,05;3,21;13,98;1,95; 576
23/11/2018 19:49:34;12,10;3,23;13,98;1,96; 574
23/11/2018 19:49:35;12,10;3,22;14,01;1,96; 574
23/11/2018 19:49:35;12,05;3,24;13,99;1,96; 574
23/11/2018 19:49:35;11,98;3,24;13,99;1,92; 580
23/11/2018 19:49:36;11,89;3,23;13,99;1,92; 582
23/11/2018 19:49:36;11,92;3,27;13,98;1,93; 580
23/11/2018 19:49:36;11,89;3,28;14,02;1,88; 582
23/11/2018 19:49:36;11,93;3,21;13,99;1,92; 582
23/11/2018 19:49:37;11,90;3,17;13,98;1,91; 584
23/11/2018 19:49:37;11,79;3,23;13,98;1,91; 588
23/11/2018 19:49:37;11,81;3,26;13,99;1,90; 586
23/11/2018 19:49:37;11,77;3,27;13,99;1,89; 588
23/11/2018 19:49:38;11,72;3,23;13,98;1,89; 592
23/11/2018 19:49:38;11,67;3,25;13,99;1,88; 592
23/11/2018 19:49:38;11,71;3,23;13,99;1,90; 592
23/11/2018 19:49:38;11,62;3,24;13,98;1,88; 594
23/11/2018 19:49:39;11,65;3,27;13,96;1,91; 594
23/11/2018 19:49:39;11,55;3,20;13,98;1,86; 600
23/11/2018 19:49:39;11,47;3,29;13,99;1,85; 600
23/11/2018 19:49:39;11,46;3,28;13,99;1,85; 600
23/11/2018 19:49:40;11,50;3,25;13,99;1,86; 600
23/11/2018 19:49:40;11,56;3,19;13,98;1,87; 600
23/11/2018 19:49:40;11,49;3,23;13,99;1,85; 602
23/11/2018 19:49:41;11,46;3,26;13,98;1,85; 602
23/11/2018 19:49:41;11,46;3,24;13,99;1,84; 602
23/11/2018 19:49:41;11,42;3,27;13,99;1,84; 604
23/11/2018 19:49:41;11,42;3,25;13,99;1,83; 604
23/11/2018 19:49:42;11,32;3,28;13,99;1,81; 606
23/11/2018 19:49:42;11,38;3,24;13,96;1,83; 606
23/11/2018 19:49:42;11,29;3,23;13,96;1,81; 610
23/11/2018 19:49:42;11,38;3,25;14,01;1,83; 608
23/11/2018 19:49:43;11,28;3,23;13,98;1,81; 612
23/11/2018 19:49:43;11,14;3,25;13,95;1,78; 616
23/11/2018 19:49:43;11,11;3,23;13,95;1,79; 618
23/11/2018 19:49:43;11,11;3,25;13,95;1,78; 618
23/11/2018 19:49:44;11,08;3,23;13,94;1,78; 622
23/11/2018 19:49:44;11,08;3,24;13,95;1,79; 620
23/11/2018 19:49:44;11,15;3,27;13,96;1,79; 618
23/11/2018 19:49:44;10,97;3,29;13,95;1,78; 622
23/11/2018 19:49:45;10,95;3,23;13,92;1,77; 626
23/11/2018 19:49:45;10,99;3,23;13,92;1,76; 624
23/11/2018 19:49:45;10,96;3,27;13,94;1,76; 624
23/11/2018 19:49:46;10,99;3,24;13,94;1,77; 624
23/11/2018 19:49:46;11,17;3,25;13,95;1,80; 618
23/11/2018 19:49:46;11,00;3,26;13,96;1,77; 622
23/11/2018 19:49:46;10,95;3,24;13,94;1,77; 626
23/11/2018 19:49:47;10,98;3,18;13,94;1,76; 626
23/11/2018 19:49:47;10,95;3,20;13,94;1,76; 628
23/11/2018 19:49:47;10,95;3,22;13,94;1,78; 628
23/11/2018 19:49:47;11,01;3,22;13,95;1,77; 624
23/11/2018 19:49:48;11,08;3,26;13,96;1,78; 620
23/11/2018 19:49:48;11,08;3,25;13,95;1,77; 620
23/11/2018 19:49:48;11,09;3,23;13,95;1,80; 620
23/11/2018 19:49:48;11,04;3,20;13,98;1,77; 624
23/11/2018 19:49:49;11,04;3,23;13,98;1,76; 624
23/11/2018 19:49:49;11,04;3,23;13,95;1,77; 624
23/11/2018 19:49:49;11,01;3,28;13,95;1,78; 624
23/11/2018 19:49:49;11,00;3,24;13,96;1,77; 626
23/11/2018 19:49:50;10,87;3,27;13,95;1,76; 630
23/11/2018 19:49:50;10,96;3,28;13,96;1,76; 624
23/11/2018 19:49:50;10,95;3,23;13,98;1,76; 626
23/11/2018 19:49:51;10,92;3,24;13,98;1,76; 630
23/11/2018 19:49:51;10,90;3,24;13,96;1,74; 630
23/11/2018 19:49:51;10,85;3,23;13,94;1,75; 632
23/11/2018 19:49:51;10,81;3,23;13,95;1,73; 632
23/11/2018 19:49:52;10,87;3,24;13,95;1,73; 630
23/11/2018 19:49:52;10,82;3,26;13,98;1,75; 632
23/11/2018 19:49:52;10,90;3,27;13,95;1,73; 630
23/11/2018 19:49:52;10,93;3,24;13,94;1,75; 630
23/11/2018 19:49:53;10,97;3,24;13,96;1,75; 626
23/11/2018 19:49:53;10,94;3,29;13,96;1,76; 626
23/11/2018 19:49:53;10,93;3,23;13,96;1,76; 628
23/11/2018 19:49:53;10,98;3,19;13,94;1,76; 628
23/11/2018 19:49:54;10,97;3,24;13,95;1,76; 628
23/11/2018 19:49:54;10,89;3,26;13,96;1,75; 630
23/11/2018 19:49:54;10,89;3,23;14,01;1,75; 632
23/11/2018 19:49:55;10,72;3,24;13,99;1,73; 640
23/11/2018 19:49:55;10,58;3,25;14,01;1,69; 646
23/11/2018 19:49:55;10,37;3,26;13,98;1,67; 654
23/11/2018 19:49:55;10,37;3,23;13,98;1,66; 656
23/11/2018 19:49:56;10,37;3,24;13,98;1,67; 654
23/11/2018 19:49:56;10,45;3,24;13,98;1,68; 652
23/11/2018 19:49:56;10,43;3,30;14,01;1,67; 652
23/11/2018 19:49:56;10,45;3,28;13,99;1,69; 650
23/11/2018 19:49:57;10,42;3,26;13,99;1,68; 650
23/11/2018 19:49:57;10,46;3,22;13,98;1,69; 652
23/11/2018 19:49:57;10,49;3,23;13,99;1,69; 650
23/11/2018 19:49:57;10,46;3,23;13,99;1,68; 652
23/11/2018 19:49:58;10,39;3,24;13,99;1,68; 654
23/11/2018 19:49:58;10,29;3,26;13,95;1,68; 660
23/11/2018 19:51:53;0,24;0,13;14,05;-0,08; 800
23/11/2018 19:51:54;0,24;0,12;14,03;-0,07; 800
23/11/2018 19:51:54;0,24;0,13;14,05;-0,08; 800
23/11/2018 19:51:54;0,24;0,16;14,05;-0,07; 800
23/11/2018 19:51:54;0,24;0,13;14,03;-0,08; 800
23/11/2018 19:51:55;0,24;0,14;14,05;-0,08; 800
23/11/2018 19:51:55;0,24;0,14;14,05;-0,06; 800
23/11/2018 19:51:55;0,24;0,10;14,03;-0,06; 800
23/11/2018 19:51:56;0,24;0,12;14,05;-0,08; 800
23/11/2018 19:51:56;0,24;0,11;14,05;-0,06; 800
23/11/2018 19:51:56;0,24;0,13;14,03;-0,07; 800
23/11/2018 19:51:56;0,24;0,13;14,03;-0,07; 800
23/11/2018 19:51:57;0,24;0,13;14,03;-0,07; 800
23/11/2018 19:51:57;0,24;0,12;14,03;-0,08; 800
23/11/2018 19:51:57;0,24;0,12;14,03;-0,07; 800
23/11/2018 19:51:57;0,24;0,10;14,03;-0,06; 800
23/11/2018 19:51:58;0,24;0,08;14,03;-0,08; 800
23/11/2018 19:51:58;0,24;0,11;14,03;-0,07; 800
23/11/2018 19:51:58;0,24;0,13;14,03;-0,07; 800
23/11/2018 19:51:58;0,24;0,14;14,03;-0,08; 800
23/11/2018 19:51:59;0,24;0,12;14,03;-0,08; 800
23/11/2018 19:51:59;0,24;0,12;14,02;-0,07; 800
23/11/2018 19:51:59;0,24;0,15;14,02;-0,08; 800
23/11/2018 19:51:59;0,24;0,11;14,02;-0,06; 800
23/11/2018 19:52:00;0,24;0,10;14,02;-0,06; 800
23/11/2018 19:52:00;0,24;0,12;14,05;-0,07; 800
23/11/2018 19:52:00;0,24;0,16;14,05;-0,07; 800
23/11/2018 19:52:01;0,24;0,16;14,03;-0,07; 800
23/11/2018 19:52:01;0,24;0,12;14,03;-0,07; 800
23/11/2018 19:52:01;0,24;0,12;14,01;-0,07; 800
23/11/2018 19:52:01;0,24;0,12;14,02;-0,06; 800
23/11/2018 19:52:02;0,24;0,12;14,02;-0,06; 800
23/11/2018 19:52:02;0,24;0,05;14,02;-0,07; 800
23/11/2018 19:52:02;0,24;0,11;14,02;-0,07; 800
23/11/2018 19:52:02;0,24;0,11;14,02;-0,05; 800
23/11/2018 19:52:03;0,24;0,13;14,03;-0,07; 800
23/11/2018 19:52:03;0,24;0,17;14,02;-0,06; 800
23/11/2018 19:52:03;0,24;0,14;14,01;-0,07; 800
23/11/2018 19:52:03;0,24;0,14;14,02;-0,08; 800
23/11/2018 19:52:04;0,24;0,12;14,02;-0,05; 800
23/11/2018 19:52:04;0,24;0,16;14,02;-0,07; 800
23/11/2018 19:52:04;0,24;0,12;14,02;-0,08; 800
23/11/2018 19:52:04;0,24;0,13;14,01;-0,06; 800
23/11/2018 19:52:05;0,24;0,12;14,02;-0,06; 800
23/11/2018 19:52:05;0,24;0,16;14,02;-0,08; 800
23/11/2018 19:52:05;0,24;0,16;14,02;-0,08; 800
23/11/2018 19:52:06;0,24;0,12;14,01;-0,08; 800
23/11/2018 19:53:01;0,24;0,12;13,89;-0,07; 629
23/11/2018 19:53:01;0,24;0,10;13,88;-0,06; 629
23/11/2018 19:53:01;0,24;0,14;13,88;-0,08; 625
23/11/2018 19:53:02;0,24;0,14;13,89;-0,08; 623
23/11/2018 19:53:02;0,24;0,13;13,88;-0,07; 621
23/11/2018 19:53:02;0,24;0,12;13,88;-0,07; 621
23/11/2018 19:53:02;0,24;0,13;13,88;-0,07; 619
23/11/2018 19:53:03;0,24;0,12;13,88;-0,06; 621
23/11/2018 19:53:03;0,24;0,14;13,89;-0,06; 619
23/11/2018 19:53:03;0,24;0,13;13,89;-0,07; 617
23/11/2018 19:53:03;0,24;0,13;13,88;-0,07; 615
23/11/2018 19:53:04;0,24;0,14;13,86;-0,08; 615
23/11/2018 19:53:04;0,24;0,15;13,86;-0,08; 615
23/11/2018 19:53:04;0,24;0,12;13,86;-0,07; 615
23/11/2018 19:53:04;0,24;0,13;13,88;-0,07; 613
23/11/2018 19:53:05;0,24;0,12;13,89;-0,08; 609
23/11/2018 19:53:05;0,24;0,12;13,88;-0,07; 609
23/11/2018 19:53:05;0,24;0,12;13,86;-0,08; 607
23/11/2018 19:53:06;0,24;0,15;13,86;-0,08; 605
23/11/2018 19:53:06;0,24;0,14;13,86;-0,07; 607
23/11/2018 19:53:06;0,24;0,19;13,88;-0,07; 607
23/11/2018 19:53:06;0,24;0,16;13,88;-0,08; 607
23/11/2018 19:53:07;0,24;0,17;13,88;-0,07; 605
23/11/2018 19:53:07;0,24;0,13;13,88;-0,07; 603
23/11/2018 19:53:07;0,24;0,17;13,86;-0,08; 603
23/11/2018 19:53:07;0,24;0,13;13,86;-0,07; 603
23/11/2018 19:53:08;0,24;0,14;13,86;-0,07; 599
23/11/2018 19:53:08;0,24;0,11;13,86;-0,07; 601
23/11/2018 19:53:08;0,24;0,15;13,86;-0,07; 601
23/11/2018 19:53:08;0,24;0,12;13,86;-0,07; 597
23/11/2018 19:53:09;0,24;0,14;13,86;-0,08; 595
23/11/2018 19:53:09;0,24;0,14;13,86;-0,08; 595
23/11/2018 19:53:09;0,24;0,12;13,85;-0,07; 595
23/11/2018 19:53:09;0,24;0,11;13,86;-0,08; 593
23/11/2018 19:53:10;0,24;0,16;13,86;-0,07; 589
23/11/2018 19:53:10;0,24;0,13;13,86;-0,07; 593
23/11/2018 19:53:10;0,24;0,16;13,86;-0,08; 591
23/11/2018 19:53:11;0,24;0,17;13,88;-0,08; 591
23/11/2018 19:53:11;0,24;0,12;13,86;-0,08; 591
23/11/2018 19:53:11;0,24;0,14;13,86;-0,08; 589
23/11/2018 19:53:11;0,24;0,12;13,86;-0,07; 587
23/11/2018 19:53:12;0,24;0,11;13,86;-0,07; 587
23/11/2018 19:53:12;0,24;0,16;13,88;-0,08; 587
23/11/2018 19:53:12;0,24;0,13;13,88;-0,08; 587
23/11/2018 19:53:12;0,24;0,13;13,86;-0,08; 587
23/11/2018 19:53:13;0,24;0,13;13,86;-0,08; 583
23/11/2018 19:53:13;0,24;0,12;13,86;-0,08; 585
23/11/2018 19:53:13;0,24;0,09;13,86;-0,08; 585
23/11/2018 19:53:13;0,24;0,09;13,85;-0,07; 581
23/11/2018 19:53:14;0,24;0,12;13,85;-0,07; 579
23/11/2018 19:53:14;0,24;0,16;13,88;-0,08; 577
23/11/2018 19:53:14;0,24;0,14;13,86;-0,08; 575
23/11/2018 19:53:14;0,24;0,15;13,85;-0,08; 573
23/11/2018 19:53:15;0,24;0,12;13,86;-0,08; 575
23/11/2018 19:53:15;0,24;0,12;13,84;-0,07; 571
23/11/2018 19:53:15;0,24;0,07;13,85;-0,07; 573
23/11/2018 19:53:16;0,24;0,12;13,84;-0,07; 571
23/11/2018 19:53:16;0,24;0,12;13,86;-0,08; 569
23/11/2018 19:53:16;0,24;0,12;13,86;-0,08; 567
23/11/2018 19:53:16;0,24;0,16;13,86;-0,09; 569
23/11/2018 19:53:17;0,24;0,14;13,84;-0,08; 567
23/11/2018 19:53:17;0,24;0,16;13,85;-0,08; 567
23/11/2018 19:53:17;0,24;0,12;13,85;-0,07; 569
23/11/2018 19:53:17;0,24;0,11;13,85;-0,08; 569
23/11/2018 19:53:18;0,24;0,13;13,86;-0,08; 567
23/11/2018 19:53:18;0,24;0,16;13,86;-0,08; 565
23/11/2018 19:53:18;0,24;0,13;13,84;-0,08; 563
23/11/2018 19:53:18;0,24;0,16;13,84;-0,08; 563
23/11/2018 19:53:19;0,24;0,13;13,84;-0,07; 561
23/11/2018 19:53:19;0,24;0,13;13,84;-0,07; 561
23/11/2018 19:53:19;0,24;0,16;13,86;-0,08; 559
23/11/2018 19:53:19;0,24;0,10;13,84;-0,06; 563
23/11/2018 19:53:20;0,24;0,12;13,85;-0,08; 563
23/11/2018 19:53:20;0,24;0,17;13,85;-0,08; 561
23/11/2018 19:53:20;0,24;0,17;13,84;-0,08; 559
23/11/2018 19:53:20;0,24;0,13;13,84;-0,08; 559
23/11/2018 19:53:21;0,24;0,12;13,84;-0,06; 557
23/11/2018 19:53:21;0,24;0,13;13,85;-0,07; 557
23/11/2018 19:53:21;0,24;0,13;13,85;-0,08; 557
23/11/2018 19:53:22;0,24;0,14;13,85;-0,08; 555
23/11/2018 19:53:22;0,24;0,13;13,84;-0,08; 553
23/11/2018 19:53:22;0,24;0,15;13,82;-0,08; 551
23/11/2018 19:53:22;0,24;0,15;13,84;-0,07; 553
23/11/2018 19:53:23;0,24;0,16;13,84;-0,07; 553
23/11/2018 19:53:23;0,24;0,16;13,85;-0,08; 553
23/11/2018 19:53:23;0,24;0,11;13,85;-0,07; 555
23/11/2018 19:53:23;0,24;0,14;13,84;-0,08; 557
23/11/2018 19:53:24;0,24;0,13;13,84;-0,08; 557
23/11/2018 19:53:24;0,24;0,11;13,82;-0,08; 555
23/11/2018 19:53:24;0,24;0,12;13,82;-0,08; 555
23/11/2018 19:53:24;0,24;0,17;13,84;-0,08; 549
23/11/2018 19:53:25;0,24;0,14;13,82;-0,07; 551
23/11/2018 19:53:25;0,24;0,13;13,82;-0,06; 549
23/11/2018 19:53:25;0,24;0,12;13,84;-0,08; 547
23/11/2018 19:53:25;0,24;0,08;13,82;-0,07; 547
23/11/2018 19:53:26;0,24;0,13;13,82;-0,08; 541
23/11/2018 19:53:26;0,24;0,12;13,82;-0,08; 541
23/11/2018 19:53:26;0,24;0,14;13,82;-0,07; 539
23/11/2018 19:53:27;0,24;0,18;13,82;-0,06; 537
23/11/2018 19:53:27;0,24;0,13;13,82;-0,08; 537
23/11/2018 19:53:27;0,24;0,14;13,84;-0,07; 537
23/11/2018 19:53:27;0,24;0,13;13,82;-0,08; 537
23/11/2018 19:53:28;0,24;0,19;13,82;-0,09; 533
23/11/2018 19:53:28;0,24;0,13;13,82;-0,08; 531
23/11/2018 19:53:28;0,24;0,16;13,82;-0,07; 531
23/11/2018 19:53:28;0,24;0,15;13,84;-0,08; 531
23/11/2018 19:53:29;0,24;0,16;13,84;-0,07; 527
23/11/2018 19:53:29;0,24;0,12;13,82;-0,08; 525
23/11/2018 19:53:29;0,24;0,18;13,84;-0,08; 523
23/11/2018 19:53:29;0,24;0,14;13,82;-0,07; 521
23/11/2018 19:53:30;0,24;0,11;13,82;-0,07; 521
23/11/2018 19:53:30;0,24;0,12;13,82;-0,07; 517
23/11/2018 19:53:30;0,24;0,16;13,84;-0,08; 515
23/11/2018 19:53:30;0,24;0,15;13,84;-0,08; 515
23/11/2018 19:53:31;0,24;0,18;13,82;-0,08; 515
23/11/2018 19:53:31;0,24;0,17;13,84;-0,08; 515
23/11/2018 19:53:31;0,24;0,15;13,81;-0,08; 513
23/11/2018 19:53:32;0,24;0,13;13,81;-0,08; 513
23/11/2018 19:53:32;0,24;0,10;13,81;-0,06; 511
23/11/2018 19:53:32;0,24;0,10;13,82;-0,07; 509
23/11/2018 19:53:32;0,24;0,19;13,84;-0,08; 505
23/11/2018 19:53:33;0,24;0,14;13,84;-0,08; 507
23/11/2018 19:53:33;0,24;0,13;13,82;-0,08; 509
23/11/2018 19:53:33;0,24;0,14;13,81;-0,08; 509
23/11/2018 19:53:33;0,24;0,12;13,81;-0,07; 509
23/11/2018 19:53:34;0,24;0,08;13,81;-0,07; 507
23/11/2018 19:53:34;0,24;0,11;13,82;-0,07; 505
23/11/2018 19:53:34;0,24;0,11;13,82;-0,07; 505
23/11/2018 19:53:34;0,24;0,15;13,82;-0,08; 501
23/11/2018 19:53:35;0,24;0,15;13,82;-0,08; 501
23/11/2018 19:53:35;0,24;0,12;13,80;-0,07; 501
23/11/2018 19:53:35;0,24;0,12;13,80;-0,08; 499
23/11/2018 19:53:35;0,24;0,10;13,82;-0,07; 501
23/11/2018 19:53:36;0,24;0,06;13,81;-0,07; 497
23/11/2018 19:53:36;0,24;0,13;13,82;-0,07; 491
23/11/2018 19:53:36;0,24;0,11;13,82;-0,07; 493
23/11/2018 19:53:37;0,24;0,13;13,82;-0,07; 493
23/11/2018 19:53:37;0,24;0,16;13,81;-0,08; 493
23/11/2018 19:53:37;0,24;0,13;13,80;-0,07; 491
23/11/2018 19:53:37;0,24;0,12;13,80;-0,06; 491
23/11/2018 19:53:38;0,24;0,14;13,81;-0,07; 489
23/11/2018 19:53:38;0,24;0,12;13,82;-0,08; 487
23/11/2018 19:53:38;0,24;0,13;13,81;-0,08; 487
23/11/2018 19:53:38;0,24;0,12;13,81;-0,07; 485
23/11/2018 19:53:39;0,24;0,18;13,81;-0,09; 479
23/11/2018 19:53:39;0,24;0,16;13,81;-0,07; 477
23/11/2018 19:53:39;0,24;0,15;13,81;-0,06; 477
23/11/2018 19:53:39;0,24;0,15;13,82;-0,07; 475
23/11/2018 19:53:40;0,24;0,12;13,81;-0,06; 471
23/11/2018 19:53:40;0,24;0,08;13,82;-0,08; 471
23/11/2018 19:53:40;0,24;0,15;13,81;-0,08; 467
23/11/2018 19:53:40;0,24;0,15;13,80;-0,06; 465
23/11/2018 19:53:41;0,24;0,14;13,80;-0,07; 467
23/11/2018 19:53:41;0,24;0,16;13,81;-0,06; 467
23/11/2018 19:53:41;0,24;0,16;13,82;-0,07; 467
23/11/2018 19:53:42;0,24;0,10;13,80;-0,06; 465
23/11/2018 19:53:42;0,24;0,16;13,81;-0,07; 463
23/11/2018 19:53:42;0,24;0,13;13,81;-0,07; 465
23/11/2018 19:53:42;0,24;0,17;13,81;-0,08; 463
23/11/2018 19:53:43;0,24;0,13;13,80;-0,08; 465
23/11/2018 19:53:43;0,24;0,16;13,80;-0,06; 463
23/11/2018 19:53:43;0,24;0,11;13,80;-0,06; 463
23/11/2018 19:53:43;0,24;0,12;13,81;-0,07; 461
23/11/2018 19:53:44;0,24;0,15;13,81;-0,07; 457
23/11/2018 19:53:44;0,24;0,13;13,80;-0,08; 459
23/11/2018 19:53:44;0,24;0,15;13,80;-0,08; 459
23/11/2018 19:53:44;0,24;0,12;13,80;-0,06; 461
23/11/2018 19:53:45;0,24;0,12;13,80;-0,07; 463
23/11/2018 19:53:45;0,24;0,14;13,81;-0,07; 459
23/11/2018 19:53:45;0,24;0,12;13,80;-0,06; 459
23/11/2018 19:53:45;0,24;0,14;13,80;-0,07; 459
23/11/2018 19:53:46;0,24;0,14;13,81;-0,08; 457
23/11/2018 19:53:46;0,24;0,08;13,78;-0,08; 461
23/11/2018 19:53:46;0,24;0,12;13,78;-0,08; 459
23/11/2018 19:53:47;0,24;0,12;13,80;-0,06; 459
23/11/2018 19:53:47;0,24;0,12;13,80;-0,07; 457
23/11/2018 19:53:47;0,24;0,15;13,80;-0,06; 457
23/11/2018 19:53:47;0,24;0,12;13,78;-0,06; 455
23/11/2018 19:53:48;0,24;0,13;13,81;-0,08; 455
23/11/2018 19:53:48;0,24;0,13;13,78;-0,08; 455
23/11/2018 19:53:48;0,24;0,13;13,78;-0,07; 453
23/11/2018 19:53:48;0,24;0,15;13,78;-0,07; 451
23/11/2018 19:53:49;0,24;0,13;13,78;-0,06; 451
23/11/2018 19:53:49;0,24;0,12;13,80;-0,07; 447
23/11/2018 19:53:49;0,24;0,16;13,80;-0,07; 447
23/11/2018 19:53:49;0,24;0,14;13,78;-0,08; 449
23/11/2018 19:53:50;0,24;0,16;13,78;-0,08; 449
23/11/2018 19:53:50;0,24;0,13;13,78;-0,06; 449
23/11/2018 19:53:50;0,24;0,15;13,78;-0,07; 447
23/11/2018 19:53:50;0,24;0,15;13,80;-0,07; 449
23/11/2018 19:53:51;0,24;0,12;13,78;-0,06; 451
23/11/2018 19:53:51;0,24;0,12;13,78;-0,08; 449
23/11/2018 19:53:51;0,24;0,16;13,78;-0,08; 449
23/11/2018 19:53:52;0,24;0,12;13,78;-0,07; 447
23/11/2018 19:53:52;0,24;0,11;13,77;-0,07; 447
23/11/2018 19:53:52;0,24;0,13;13,78;-0,06; 447
23/11/2018 19:53:52;0,24;0,15;13,80;-0,07; 445
23/11/2018 19:53:53;0,24;0,10;13,78;-0,06; 445
23/11/2018 19:53:53;0,24;0,16;13,78;-0,08; 443
23/11/2018 19:53:53;0,24;0,14;13,78;-0,06; 445
23/11/2018 19:53:53;0,24;0,18;13,78;-0,07; 445
23/11/2018 19:53:54;0,24;0,15;13,78;-0,08; 447
23/11/2018 19:53:54;0,24;0,12;13,78;-0,06; 447
23/11/2018 19:53:54;0,24;0,05;13,77;-0,06; 447
23/11/2018 19:53:54;0,24;0,16;13,81;-0,07; 443
23/11/2018 19:53:55;0,24;0,12;13,80;-0,06; 441
23/11/2018 19:53:55;0,24;0,13;13,78;-0,08; 441
23/11/2018 19:53:55;0,24;0,15;13,78;-0,08; 441
23/11/2018 19:53:55;0,24;0,14;13,78;-0,08; 441
23/11/2018 19:53:56;0,24;0,14;13,77;-0,07; 441
23/11/2018 19:53:56;0,24;0,14;13,78;-0,07; 439
23/11/2018 19:53:56;0,24;0,08;13,77;-0,07; 441
23/11/2018 19:53:57;0,24;0,12;13,78;-0,07; 437
23/11/2018 19:53:57;0,24;0,14;13,78;-0,07; 435
23/11/2018 19:53:57;0,24;0,13;13,75;-0,08; 435
23/11/2018 19:53:57;0,24;0,16;13,77;-0,08; 437
23/11/2018 19:53:58;0,24;0,15;13,78;-0,07; 439
23/11/2018 19:53:58;0,24;0,13;13,77;-0,06; 439
23/11/2018 19:53:58;0,24;0,12;13,77;-0,05; 439
23/11/2018 19:53:58;0,24;0,10;13,77;-0,07; 439
23/11/2018 19:53:59;0,24;0,13;13,78;-0,08; 437
23/11/2018 19:53:59;0,24;0,18;13,77;-0,08; 437
23/11/2018 19:53:59;0,24;0,14;13,77;-0,08; 437
23/11/2018 19:53:59;0,24;0,15;13,75;-0,07; 433
23/11/2018 19:54:00;0,24;0,15;13,77;-0,06; 435
23/11/2018 19:54:00;0,24;0,12;13,77;-0,06; 437
23/11/2018 19:54:00;0,24;0,13;13,78;-0,07; 435
23/11/2018 19:54:00;0,24;0,16;13,77;-0,08; 435
23/11/2018 19:54:01;0,24;0,16;13,75;-0,08; 433
23/11/2018 19:54:01;0,24;0,20;13,77;-0,07; 433
23/11/2018 19:54:01;0,24;0,16;13,75;-0,08; 433
23/11/2018 19:54:02;0,24;0,18;13,77;-0,07; 435
23/11/2018 19:54:02;0,24;0,12;13,75;-0,06; 435
23/11/2018 19:54:02;0,24;0,13;13,77;-0,07; 433
23/11/2018 19:54:02;0,24;0,15;13,77;-0,08; 429
23/11/2018 19:54:03;0,24;0,14;13,74;-0,08; 425
23/11/2018 19:54:03;0,24;0,13;13,75;-0,08; 427
23/11/2018 19:54:03;0,24;0,15;13,75;-0,05; 427
23/11/2018 19:54:03;0,24;0,13;13,75;-0,07; 429
23/11/2018 19:54:04;0,24;0,13;13,75;-0,07; 429
23/11/2018 19:54:04;0,24;0,12;13,75;-0,07; 429
23/11/2018 19:54:04;0,24;0,12;13,77;-0,07; 425
23/11/2018 19:54:04;0,24;0,12;13,77;-0,08; 427
23/11/2018 19:54:05;0,24;0,13;13,75;-0,08; 427
23/11/2018 19:54:05;0,24;0,13;13,75;-0,07; 427
23/11/2018 19:54:05;0,24;0,12;13,75;-0,08; 427
23/11/2018 19:54:05;0,24;0,16;13,77;-0,07; 423
23/11/2018 19:54:06;0,24;0,12;13,77;-0,07; 421
23/11/2018 19:54:06;0,24;0,13;13,75;-0,08; 421
23/11/2018 19:54:06;0,24;0,15;13,75;-0,07; 417
23/11/2018 19:54:07;0,24;0,08;13,75;-0,07; 417
23/11/2018 19:54:07;0,24;0,15;13,75;-0,08; 417
23/11/2018 19:54:07;0,24;0,13;13,77;-0,08; 419
23/11/2018 19:54:07;0,24;0,16;13,75;-0,06; 417
23/11/2018 19:54:08;0,24;0,15;13,77;-0,07; 419
23/11/2018 19:54:08;0,24;0,12;13,75;-0,07; 417
23/11/2018 19:54:08;0,24;0,13;13,74;-0,08; 413
23/11/2018 19:54:39;0,24;0,13;13,74;-0,07; 411
23/11/2018 19:54:43;0,24;0,09;13,68;-0,08; 307
23/11/2018 19:54:44;0,24;0,12;13,67;-0,06; 295
23/11/2018 19:54:44;0,24;0,13;13,68;-0,07; 295
23/11/2018 19:54:44;0,24;0,14;13,70;-0,05; 295
23/11/2018 19:54:44;0,24;0,13;13,70;-0,06; 295
23/11/2018 19:54:45;0,24;0,19;13,70;-0,08; 293
23/11/2018 19:54:45;1,04;0,15;13,70;-0,08; 291
23/11/2018 19:54:45;2,10;0,16;13,67;-0,08; 285
23/11/2018 19:54:45;2,96;0,18;13,70;-0,07; 281
23/11/2018 19:54:46;4,15;0,16;13,70;-0,05; 281
23/11/2018 19:54:46;4,64;0,15;13,70;-0,04; 281
23/11/2018 19:54:46;5,47;0,21;13,71;-0,05; 279
23/11/2018 19:54:46;7,00;0,17;13,71;-0,04; 283
23/11/2018 19:54:47;8,42;0,18;13,70;-0,04; 283
23/11/2018 19:54:47;10,71;0,19;13,73;-0,01; 281
23/11/2018 19:54:47;12,15;0,18;13,73;0,00; 279
23/11/2018 19:54:48;12,84;0,16;13,73;0,02; 279
23/11/2018 19:54:48;12,89;0,21;13,73;0,01; 275
23/11/2018 19:54:48;12,90;0,20;13,75;0,00; 275
23/11/2018 19:54:48;13,65;0,20;13,74;0,02; 273
23/11/2018 19:54:49;15,03;0,23;13,75;0,01; 267
23/11/2018 19:54:49;16,08;0,22;13,75;0,02; 265
23/11/2018 19:54:49;16,09;0,23;13,75;0,03; 265
23/11/2018 19:54:49;16,07;0,22;13,75;0,03; 267
23/11/2018 19:54:50;16,09;0,16;13,77;0,04; 271
23/11/2018 19:54:50;16,04;0,22;13,77;0,04; 271
23/11/2018 19:54:50;16,04;0,23;13,78;0,02; 271
23/11/2018 19:54:50;16,03;0,23;13,77;0,02; 271
23/11/2018 19:54:51;16,54;0,29;13,77;0,09; 271
23/11/2018 19:54:51;16,69;0,35;13,80;0,14; 269
23/11/2018 19:54:51;17,75;1,07;13,70;1,00; 263
23/11/2018 19:54:51;18,59;1,47;13,31;1,49; 255
23/11/2018 19:54:52;18,62;1,41;13,32;1,49; 253
23/11/2018 19:54:52;18,42;1,34;13,50;1,33; 255
23/11/2018 19:54:52;17,87;1,03;13,80;0,93; 259
23/11/2018 19:54:53;17,39;0,68;13,91;0,54; 263
23/11/2018 19:54:53;17,13;0,47;13,89;0,34; 267
23/11/2018 19:54:53;17,10;0,46;13,88;0,32; 265
23/11/2018 19:54:53;17,08;0,44;13,88;0,28; 265
23/11/2018 19:54:54;16,85;0,29;13,80;0,13; 267
23/11/2018 19:54:54;16,82;0,28;13,81;0,13; 267
23/11/2018 19:54:54;16,75;0,38;13,84;0,15; 267
23/11/2018 19:54:54;16,76;0,32;13,82;0,16; 269
23/11/2018 19:54:55;16,94;0,44;13,86;0,24; 267
23/11/2018 19:54:55;16,92;0,46;13,88;0,26; 267
23/11/2018 19:54:55;16,96;0,40;13,85;0,20; 267
23/11/2018 19:54:55;16,97;0,47;13,86;0,31; 269
23/11/2018 19:54:56;17,03;0,39;13,85;0,25; 267
23/11/2018 19:54:56;17,01;0,38;13,84;0,22; 267
23/11/2018 19:54:56;17,03;0,35;13,84;0,20; 265
23/11/2018 19:54:56;16,95;0,44;13,86;0,23; 265
23/11/2018 19:54:57;17,01;0,40;13,86;0,23; 267
23/11/2018 19:54:57;16,99;0,43;13,88;0,23; 265
23/11/2018 19:54:57;17,06;0,37;13,86;0,21; 265
23/11/2018 19:54:58;17,07;0,38;13,84;0,22; 263
23/11/2018 19:54:58;17,09;0,35;13,84;0,20; 263
23/11/2018 19:54:58;17,09;0,36;13,85;0,20; 261
23/11/2018 19:54:58;17,09;0,36;13,85;0,20; 263
23/11/2018 19:54:59;17,02;0,41;13,85;0,21; 263
23/11/2018 19:54:59;16,96;0,40;13,86;0,24; 267
23/11/2018 19:54:59;16,93;0,47;13,88;0,28; 269
23/11/2018 19:54:59;17,00;0,45;13,88;0,27; 267
23/11/2018 19:55:00;16,96;0,45;13,88;0,25; 267
23/11/2018 19:55:00;17,01;0,43;13,86;0,27; 269
23/11/2018 19:55:00;16,99;0,46;13,88;0,31; 269
23/11/2018 19:55:00;17,03;0,44;13,88;0,30; 269
23/11/2018 19:55:01;16,91;0,44;13,89;0,28; 271
23/11/2018 19:55:01;16,93;0,43;13,88;0,26; 271
23/11/2018 19:55:01;16,97;0,44;13,89;0,28; 271
23/11/2018 19:55:01;16,99;0,46;13,88;0,30; 271
23/11/2018 19:55:02;16,91;0,51;13,91;0,32; 271
23/11/2018 19:55:02;16,96;0,43;13,86;0,28; 271
23/11/2018 19:55:02;16,97;0,44;13,86;0,28; 271
23/11/2018 19:55:03;16,80;0,44;13,88;0,26; 273
23/11/2018 19:55:03;16,86;0,55;13,91;0,36; 273
23/11/2018 19:55:03;16,88;0,51;13,91;0,37; 277
23/11/2018 19:55:03;16,79;0,61;13,92;0,39; 277
23/11/2018 19:55:04;16,85;0,59;13,91;0,42; 277
23/11/2018 19:55:04;16,84;0,49;13,89;0,32; 277
23/11/2018 19:55:04;16,81;0,52;13,89;0,37; 277
23/11/2018 19:55:04;16,83;0,48;13,91;0,34; 275
23/11/2018 19:55:05;16,86;0,49;13,91;0,32; 275
23/11/2018 19:55:05;16,81;0,54;13,92;0,35; 275
23/11/2018 19:55:05;16,88;0,45;13,91;0,31; 275
23/11/2018 19:55:05;16,92;0,41;13,89;0,25; 271
23/11/2018 19:55:06;16,96;0,42;13,89;0,27; 269
23/11/2018 19:55:06;16,91;0,44;13,89;0,24; 271
23/11/2018 19:55:06;16,89;0,45;13,91;0,32; 275
23/11/2018 19:55:06;16,87;0,47;13,89;0,28; 273
23/11/2018 19:55:07;16,88;0,49;13,92;0,33; 275
23/11/2018 19:55:07;16,83;0,50;13,94;0,39; 277
23/11/2018 19:55:07;16,79;0,54;13,94;0,39; 279
23/11/2018 19:55:08;16,81;0,52;13,94;0,41; 281
23/11/2018 19:55:08;16,85;0,58;13,94;0,44; 281
23/11/2018 19:55:08;16,81;0,68;13,94;0,49; 281
23/11/2018 19:55:08;16,85;0,58;13,94;0,45; 281
23/11/2018 19:55:09;16,77;0,70;13,96;0,49; 281
23/11/2018 19:55:09;16,82;0,67;13,95;0,49; 281
23/11/2018 19:55:09;16,84;0,61;13,95;0,47; 283
23/11/2018 19:55:09;16,81;0,66;13,96;0,48; 281
23/11/2018 19:55:10;16,75;0,61;13,94;0,42; 283
23/11/2018 19:55:10;16,78;0,63;13,95;0,52; 283
23/11/2018 19:55:10;16,85;0,71;13,95;0,56; 285
23/11/2018 19:55:10;16,72;0,66;13,96;0,48; 285
23/11/2018 19:55:11;16,79;0,72;13,98;0,55; 285
23/11/2018 19:55:11;16,69;0,61;13,96;0,45; 287
23/11/2018 19:55:11;16,72;0,67;13,96;0,53; 287
23/11/2018 19:55:11;16,78;0,72;13,96;0,56; 285
23/11/2018 19:55:12;16,80;0,75;13,96;0,61; 287
23/11/2018 19:55:12;16,82;0,73;13,98;0,58; 287
23/11/2018 19:55:12;16,75;0,79;13,98;0,61; 287
23/11/2018 19:55:13;16,79;0,75;13,98;0,61; 287
23/11/2018 19:55:13;16,77;0,77;13,96;0,65; 289
23/11/2018 19:55:13;16,78;0,80;13,96;0,65; 289
23/11/2018 19:55:13;16,75;0,82;13,98;0,65; 289
23/11/2018 19:55:14;16,76;0,77;13,98;0,67; 291
23/11/2018 19:55:14;16,79;0,77;13,96;0,65; 291
23/11/2018 19:55:14;16,76;0,84;13,98;0,66; 289
23/11/2018 19:55:14;16,78;0,78;13,99;0,66; 291
23/11/2018 19:55:15;16,79;0,83;13,98;0,68; 291
23/11/2018 19:55:15;16,78;0,78;13,99;0,64; 289
23/11/2018 19:55:15;16,79;0,79;13,98;0,64; 291
23/11/2018 19:55:15;16,67;0,86;13,99;0,69; 293
23/11/2018 19:55:16;16,75;0,85;13,96;0,73; 295
23/11/2018 19:55:16;16,76;0,83;13,99;0,72; 295
23/11/2018 19:55:16;16,72;0,91;13,98;0,77; 295
23/11/2018 19:55:16;16,71;0,88;13,96;0,76; 297
23/11/2018 19:55:17;16,67;0,94;13,99;0,74; 295
23/11/2018 19:55:17;16,73;0,88;13,98;0,74; 295
23/11/2018 19:55:17;16,73;0,88;13,98;0,73; 297
23/11/2018 19:55:18;16,65;0,92;13,98;0,76; 297
23/11/2018 19:55:18;16,66;0,97;13,96;0,84; 299
23/11/2018 19:55:18;16,70;0,93;13,98;0,79; 299
23/11/2018 19:55:18;16,68;1,00;13,98;0,83; 299
23/11/2018 19:55:19;16,70;0,98;13,98;0,85; 299
23/11/2018 19:55:19;16,74;0,92;13,98;0,81; 299
23/11/2018 19:55:19;16,75;0,95;13,99;0,81; 297
23/11/2018 19:55:19;16,70;0,97;13,98;0,84; 299
23/11/2018 19:55:20;16,70;0,85;13,99;0,80; 299
23/11/2018 19:55:20;16,75;0,93;13,98;0,81; 297
23/11/2018 19:55:20;16,69;0,95;14,02;0,78; 299
23/11/2018 19:55:20;16,68;0,99;13,98;0,85; 303
23/11/2018 19:55:21;16,63;0,97;13,99;0,81; 303
23/11/2018 19:55:21;16,67;0,97;13,99;0,85; 303
23/11/2018 19:55:21;16,60;0,98;13,99;0,85; 305
23/11/2018 19:55:21;16,65;1,08;13,94;0,95; 305
23/11/2018 19:55:22;16,59;1,09;13,94;0,96; 307
23/11/2018 19:55:22;16,50;1,12;13,95;0,95; 309
23/11/2018 19:55:22;16,46;1,15;13,98;0,94; 309
23/11/2018 19:55:23;16,46;1,08;13,99;0,93; 309
23/11/2018 19:55:23;16,57;1,16;13,95;1,02; 309
23/11/2018 19:55:23;16,65;1,08;13,98;0,99; 309
23/11/2018 19:55:23;16,59;1,10;13,99;0,96; 309
23/11/2018 19:55:24;16,55;1,13;13,99;0,96; 309
23/11/2018 19:55:24;16,60;1,15;13,98;1,00; 309
23/11/2018 19:55:24;16,59;1,12;13,96;1,00; 311
23/11/2018 19:55:24;16,59;1,29;13,88;1,14; 313
23/11/2018 19:55:25;16,49;1,30;13,92;1,10; 315
23/11/2018 19:55:25;16,53;1,23;13,91;1,10; 315
23/11/2018 19:55:25;16,54;1,33;13,85;1,19; 317
23/11/2018 19:55:25;16,52;1,27;13,91;1,12; 319
23/11/2018 19:55:26;16,54;1,39;13,88;1,20; 317
23/11/2018 19:55:26;16,61;1,38;13,86;1,21; 317
23/11/2018 19:55:26;16,60;1,32;13,91;1,18; 319
23/11/2018 19:55:26;16,58;1,28;13,94;1,13; 319
23/11/2018 19:55:27;16,60;1,33;13,91;1,16; 317
23/11/2018 19:55:27;16,65;1,21;13,99;1,06; 315
23/11/2018 19:55:27;16,59;1,30;14,01;1,06; 315
23/11/2018 19:55:28;16,61;1,26;13,96;1,11; 315
23/11/2018 19:55:28;16,58;1,25;13,98;1,10; 319
23/11/2018 19:55:28;16,53;1,29;13,95;1,14; 319
23/11/2018 19:55:28;16,53;1,36;13,91;1,20; 321
23/11/2018 19:55:29;16,50;1,36;13,95;1,16; 321
23/11/2018 19:55:29;16,55;1,36;13,95;1,19; 321
23/11/2018 19:55:29;16,51;1,43;13,91;1,23; 325
23/11/2018 19:55:29;16,54;1,39;13,96;1,21; 323
23/11/2018 19:55:30;16,53;1,40;13,96;1,25; 325
23/11/2018 19:55:30;16,59;1,40;13,96;1,25; 325
23/11/2018 19:55:30;16,59;1,34;13,99;1,23; 325
23/11/2018 19:55:30;16,50;1,43;13,99;1,24; 327
23/11/2018 19:55:31;16,56;1,48;13,96;1,31; 327
23/11/2018 19:55:31;16,58;1,46;13,96;1,29; 329
23/11/2018 19:55:31;16,50;1,48;14,01;1,33; 331
23/11/2018 19:55:32;16,48;1,54;13,98;1,34; 333
23/11/2018 19:55:32;16,51;1,57;13,98;1,40; 337
23/11/2018 19:55:32;16,36;1,53;14,05;1,36; 341
23/11/2018 19:55:32;16,45;1,69;13,95;1,47; 341
23/11/2018 19:55:33;16,32;1,63;14,05;1,42; 347
23/11/2018 19:55:33;16,44;1,79;13,95;1,55; 347
23/11/2018 19:55:33;16,48;1,76;13,99;1,56; 349
23/11/2018 19:55:33;16,42;1,75;14,05;1,53; 355
23/11/2018 19:55:34;16,39;1,88;13,95;1,67; 357
23/11/2018 19:55:34;16,37;1,88;14,02;1,64; 361
23/11/2018 19:55:34;16,20;1,96;14,12;1,61; 367
23/11/2018 19:55:34;16,28;2,08;13,98;1,76; 369
23/11/2018 19:55:35;16,21;2,06;14,02;1,76; 375
23/11/2018 19:55:35;16,16;2,10;14,02;1,80; 379
23/11/2018 19:55:35;16,21;2,51;14,01;2,10; 389
23/11/2018 19:55:35;16,08;2,67;14,05;2,19; 399
23/11/2018 19:55:36;15,99;2,95;14,01;2,37; 409
23/11/2018 19:55:36;15,94;3,08;13,99;2,47; 413
23/11/2018 19:55:36;15,73;3,27;13,89;2,57; 430
23/11/2018 19:55:37;15,23;3,24;13,84;2,51; 447
23/11/2018 19:55:37;15,24;3,24;13,85;2,48; 446
23/11/2018 19:55:37;15,25;3,22;13,88;2,51; 447
23/11/2018 19:55:37;15,13;3,25;13,86;2,46; 448
23/11/2018 19:55:38;15,07;3,24;13,86;2,46; 450
23/11/2018 19:55:38;15,14;3,24;13,86;2,46; 450
23/11/2018 19:55:38;15,05;3,28;13,88;2,46; 450
23/11/2018 19:55:38;14,99;3,27;13,91;2,44; 452
23/11/2018 19:55:39;15,04;3,24;13,89;2,45; 452
23/11/2018 19:55:39;15,04;3,25;13,88;2,46; 452
23/11/2018 19:55:39;15,05;3,24;13,89;2,44; 454
23/11/2018 19:55:39;15,00;3,23;13,91;2,44; 456
23/11/2018 19:55:40;15,01;3,25;13,92;2,44; 454
23/11/2018 19:55:40;15,01;3,23;13,92;2,44; 456
23/11/2018 19:55:40;14,94;3,26;13,91;2,44; 458
23/11/2018 19:55:40;14,97;3,21;13,92;2,44; 458
23/11/2018 19:55:41;15,03;3,23;13,94;2,45; 456
23/11/2018 19:55:41;14,98;3,24;13,94;2,44; 458
23/11/2018 19:55:41;14,81;3,25;13,94;2,41; 464
23/11/2018 19:55:42;14,75;3,23;13,94;2,40; 466
23/11/2018 19:55:42;14,72;3,23;13,95;2,40; 466
23/11/2018 19:55:42;14,81;3,23;13,95;2,42; 464
23/11/2018 19:55:42;14,88;3,24;13,96;2,42; 462
23/11/2018 19:55:43;14,95;3,23;13,98;2,44; 460
23/11/2018 19:55:43;14,82;3,28;13,99;2,41; 462
23/11/2018 19:55:43;14,79;3,29;13,99;2,41; 462
23/11/2018 19:55:43;14,79;3,22;13,99;2,40; 466
23/11/2018 19:55:44;14,79;3,22;13,98;2,42; 466
23/11/2018 19:55:44;14,73;3,21;13,99;2,41; 468
23/11/2018 19:55:44;14,63;3,24;13,98;2,39; 472
23/11/2018 19:55:44;14,51;3,32;13,99;2,37; 472
23/11/2018 19:55:45;14,51;3,25;13,98;2,37; 474
23/11/2018 19:55:45;14,51;3,22;14,02;2,35; 476
23/11/2018 19:55:45;14,40;3,20;13,99;2,33; 480
23/11/2018 19:55:45;14,31;3,24;13,99;2,33; 484
23/11/2018 19:55:46;14,31;3,23;13,98;2,34; 484
23/11/2018 19:55:46;14,18;3,28;13,98;2,31; 486
23/11/2018 19:55:46;14,22;3,26;13,98;2,33; 486
23/11/2018 19:55:47;14,08;3,30;13,98;2,29; 490
23/11/2018 19:55:47;14,10;3,25;13,99;2,29; 490
23/11/2018 19:55:47;14,05;3,23;14,01;2,29; 494
23/11/2018 19:55:47;14,03;3,27;13,99;2,29; 492
23/11/2018 19:55:48;14,01;3,25;13,98;2,28; 494
23/11/2018 19:55:48;13,95;3,32;14,01;2,27; 496
23/11/2018 19:55:48;13,91;3,26;13,98;2,25; 498
23/11/2018 19:55:48;13,87;3,28;13,99;2,26; 498
23/11/2018 19:55:49;13,80;3,31;14,01;2,24; 502
23/11/2018 19:55:49;13,80;3,25;13,96;2,24; 502
23/11/2018 19:55:49;13,81;3,23;13,95;2,23; 504
23/11/2018 19:55:49;13,81;3,25;13,98;2,24; 502
23/11/2018 19:55:50;13,81;3,25;13,98;2,24; 504
23/11/2018 19:55:50;13,71;3,23;13,99;2,23; 508
23/11/2018 19:55:50;13,67;3,24;13,96;2,20; 510
23/11/2018 19:55:50;13,67;3,24;13,96;2,21; 508
23/11/2018 19:55:51;13,66;3,27;13,98;2,21; 508
23/11/2018 19:55:51;13,67;3,23;13,99;2,21; 510
23/11/2018 19:55:51;13,73;3,24;13,99;2,22; 508
23/11/2018 19:55:52;13,56;3,28;13,99;2,20; 512
23/11/2018 19:55:52;13,47;3,24;13,96;2,18; 518
23/11/2018 19:55:52;13,53;3,23;13,98;2,20; 516
23/11/2018 19:55:52;13,54;3,25;13,96;2,19; 516
23/11/2018 19:55:53;13,48;3,23;13,98;2,19; 518
23/11/2018 19:55:53;13,48;3,28;13,98;2,20; 516
23/11/2018 19:55:53;13,36;3,29;13,99;2,17; 520
23/11/2018 19:55:53;13,39;3,23;13,99;2,18; 522
23/11/2018 19:55:54;13,34;3,22;13,98;2,16; 524
23/11/2018 19:55:54;13,35;3,22;13,99;2,16; 524
23/11/2018 19:55:54;13,19;3,23;13,99;2,15; 530
23/11/2018 19:55:54;13,24;3,25;13,99;2,16; 526
23/11/2018 19:55:55;13,24;3,23;13,99;2,14; 528
23/11/2018 19:55:55;13,10;3,23;13,98;2,13; 534
23/11/2018 19:55:55;13,04;3,22;13,99;2,13; 536
23/11/2018 19:55:56;12,99;3,22;13,99;2,11; 538
23/11/2018 19:55:56;12,89;3,19;13,99;2,09; 542
23/11/2018 19:55:56;12,89;3,24;13,99;2,10; 542
23/11/2018 19:55:56;12,85;3,23;13,98;2,08; 544
23/11/2018 19:55:57;12,85;3,28;14,01;2,08; 544
23/11/2018 19:55:57;12,66;3,28;13,99;2,06; 548
23/11/2018 19:55:57;12,65;3,23;13,99;2,05; 552
23/11/2018 19:55:57;12,66;3,19;13,99;2,05; 552
23/11/2018 19:55:58;12,75;3,23;13,99;2,07; 548
23/11/2018 19:55:58;12,56;3,28;14,01;2,05; 554
23/11/2018 19:55:58;12,55;3,25;13,99;2,04; 556
23/11/2018 19:55:58;12,36;3,26;13,99;2,01; 562
23/11/2018 19:55:59;12,40;3,22;13,96;2,02; 562
23/11/2018 19:55:59;12,47;3,24;13,99;2,02; 558
23/11/2018 19:55:59;12,47;3,20;13,98;2,02; 560
23/11/2018 19:55:59;12,50;3,27;13,99;2,03; 556
23/11/2018 19:56:00;12,39;3,28;14,01;2,00; 562
23/11/2018 19:56:00;12,36;3,28;13,99;2,01; 562
23/11/2018 19:56:00;12,29;3,24;13,96;1,99; 566
23/11/2018 19:56:01;12,33;3,24;13,95;1,99; 564
23/11/2018 19:56:01;12,44;3,24;13,98;2,01; 560
23/11/2018 19:56:01;12,38;3,23;13,98;2,00; 564
23/11/2018 19:56:01;12,36;3,32;13,99;2,01; 562
23/11/2018 19:56:02;12,23;3,31;13,99;1,97; 566
23/11/2018 19:56:02;12,29;3,23;13,98;1,98; 568
23/11/2018 19:56:02;12,25;3,23;13,98;1,98; 570
23/11/2018 19:56:02;12,21;3,25;13,96;1,98; 570
23/11/2018 19:56:03;12,20;3,23;13,98;1,98; 572
23/11/2018 19:56:03;12,21;3,24;13,99;1,97; 572
23/11/2018 19:56:03;12,11;3,25;13,98;1,96; 574
23/11/2018 19:56:03;12,13;3,31;13,98;1,96; 572
23/11/2018 19:56:04;12,15;3,24;13,99;1,98; 574
23/11/2018 19:56:04;11,97;3,24;13,96;1,93; 582
23/11/2018 19:56:04;11,92;3,20;13,95;1,94; 584
23/11/2018 19:56:04;12,02;3,23;13,98;1,95; 580
23/11/2018 19:56:05;12,02;3,25;13,98;1,96; 580
23/11/2018 19:56:05;11,97;3,24;13,98;1,94; 580
23/11/2018 19:56:05;11,93;3,25;13,98;1,93; 582
23/11/2018 19:56:06;11,81;3,24;13,98;1,92; 588
23/11/2018 19:56:06;11,90;3,20;13,98;1,92; 586
23/11/2018 19:56:06;11,83;3,24;13,96;1,91; 588
23/11/2018 19:56:06;11,81;3,28;13,99;1,92; 586
23/11/2018 19:56:07;11,89;3,24;13,98;1,94; 586
23/11/2018 19:56:07;11,89;3,23;13,98;1,92; 586
23/11/2018 19:56:07;11,89;3,22;13,98;1,92; 586
23/11/2018 19:56:07;11,74;3,23;14,01;1,91; 592
23/11/2018 19:56:08;11,75;3,19;13,98;1,91; 592
23/11/2018 19:56:08;11,69;3,25;13,98;1,89; 594
23/11/2018 19:56:08;11,70;3,28;13,99;1,91; 590
23/11/2018 19:56:08;11,58;3,30;13,98;1,88; 596
23/11/2018 19:56:09;11,53;3,23;13,95;1,86; 600
23/11/2018 19:56:09;11,52;3,24;13,95;1,85; 602
23/11/2018 19:56:09;11,57;3,25;13,95;1,86; 598
23/11/2018 19:56:09;11,51;3,25;13,96;1,87; 602
23/11/2018 19:56:10;11,48;3,25;13,96;1,86; 602
23/11/2018 19:56:10;11,50;3,25;13,95;1,86; 602
23/11/2018 19:56:10;11,40;3,28;13,96;1,83; 604
23/11/2018 19:56:11;11,39;3,23;13,95;1,83; 606
23/11/2018 19:56:11;11,42;3,28;13,96;1,85; 604
23/11/2018 19:56:11;11,39;3,23;13,96;1,84; 608
23/11/2018 19:56:11;11,44;3,25;13,94;1,84; 606
23/11/2018 19:56:12;11,48;3,24;13,96;1,85; 604
23/11/2018 19:56:12;11,36;3,32;13,99;1,84; 606
23/11/2018 19:56:12;11,31;3,24;13,96;1,82; 610
23/11/2018 19:56:12;11,36;3,22;13,96;1,84; 610
23/11/2018 19:56:13;11,41;3,19;13,98;1,85; 608
23/11/2018 19:56:13;11,35;3,24;13,98;1,84; 610
23/11/2018 19:56:13;11,31;3,27;13,98;1,85; 612
23/11/2018 19:56:13;11,23;3,24;13,99;1,81; 614
23/11/2018 19:56:14;11,27;3,23;13,98;1,82; 614
23/11/2018 19:56:14;11,27;3,23;13,98;1,84; 614
23/11/2018 19:56:14;11,15;3,26;13,99;1,82; 616
23/11/2018 19:56:15;11,05;3,26;13,99;1,80; 622
23/11/2018 19:56:15;10,94;3,29;13,98;1,78; 626
23/11/2018 19:56:15;10,91;3,28;13,98;1,78; 628
23/11/2018 19:56:15;10,86;3,27;13,95;1,77; 632
23/11/2018 19:56:16;10,82;3,23;13,95;1,76; 632
23/11/2018 19:56:16;10,86;3,23;13,96;1,76; 630
23/11/2018 19:56:16;10,89;3,25;13,96;1,78; 628
23/11/2018 19:56:16;10,91;3,23;13,96;1,77; 630
23/11/2018 19:56:17;10,86;3,28;13,96;1,76; 630
23/11/2018 19:56:17;10,95;3,25;13,95;1,77; 626
23/11/2018 19:56:17;10,95;3,24;13,95;1,78; 626
23/11/2018 19:56:17;10,99;3,25;13,98;1,79; 624
23/11/2018 19:56:18;10,96;3,25;13,98;1,78; 626
23/11/2018 19:56:18;11,05;3,25;13,99;1,80; 622
23/11/2018 19:56:18;10,95;3,29;14,01;1,77; 626
23/11/2018 19:56:18;10,90;3,25;13,96;1,76; 630
23/11/2018 19:56:19;10,83;3,23;13,95;1,76; 632
23/11/2018 19:56:19;10,88;3,25;13,94;1,74; 630
23/11/2018 19:56:19;10,75;3,29;13,96;1,73; 634
23/11/2018 19:56:20;10,71;3,23;13,94;1,72; 640
23/11/2018 19:56:20;10,69;3,26;13,94;1,73; 640
23/11/2018 19:56:20;10,61;3,29;13,95;1,73; 640
23/11/2018 19:56:20;10,66;3,24;13,92;1,72; 642
23/11/2018 19:56:21;10,62;3,23;13,91;1,71; 642
23/11/2018 19:56:21;10,60;3,26;13,92;1,71; 644
23/11/2018 19:56:21;10,63;3,19;13,92;1,71; 644
23/11/2018 19:56:21;10,54;3,25;13,89;1,71; 646
23/11/2018 19:56:22;10,63;3,23;13,88;1,72; 644
23/11/2018 19:56:22;10,56;3,27;13,88;1,73; 646
23/11/2018 19:56:22;10,54;3,23;13,86;1,71; 648
23/11/2018 19:56:22;10,57;3,23;13,86;1,72; 646
23/11/2018 19:56:23;10,48;3,26;13,85;1,69; 648
23/11/2018 19:56:23;10,47;3,25;13,86;1,72; 648
23/11/2018 19:56:23;10,49;3,23;13,86;1,70; 650
23/11/2018 19:56:23;10,48;3,24;13,84;1,70; 650
23/11/2018 19:56:24;10,44;3,26;13,84;1,70; 652
23/11/2018 19:56:24;10,36;3,23;13,84;1,68; 656
23/11/2018 19:56:24;10,27;3,23;13,84;1,65; 660
23/11/2018 19:56:25;10,30;3,20;13,82;1,67; 658
23/11/2018 19:56:25;10,28;3,26;13,84;1,68; 658
23/11/2018 19:56:25;10,27;3,29;13,84;1,68; 656
23/11/2018 19:56:25;10,33;3,28;13,82;1,68; 656
23/11/2018 19:56:26;10,31;3,28;13,85;1,68; 654
23/11/2018 19:56:26;10,36;3,20;13,82;1,68; 656
23/11/2018 19:56:26;10,41;3,24;13,85;1,69; 652
23/11/2018 19:56:26;10,40;3,26;13,86;1,68; 652
23/11/2018 19:56:27;10,40;3,26;13,84;1,68; 652
23/11/2018 19:56:27;10,40;3,26;13,84;1,70; 654
23/11/2018 19:56:27;10,30;3,31;13,86;1,67; 656
23/11/2018 19:56:27;10,27;3,29;13,86;1,67; 656
23/11/2018 19:56:28;10,23;3,23;13,84;1,66; 660
23/11/2018 19:56:28;10,28;3,23;13,85;1,68; 660
23/11/2018 19:56:28;10,36;3,24;13,85;1,68; 656
23/11/2018 19:56:28;10,33;3,23;13,85;1,67; 658
23/11/2018 19:56:29;10,24;3,25;13,84;1,65; 660
23/11/2018 19:56:29;10,28;3,26;13,82;1,67; 658
23/11/2018 19:56:29;10,33;3,26;13,85;1,68; 654
23/11/2018 19:56:30;10,32;3,29;13,84;1,67; 654
23/11/2018 19:56:30;10,26;3,28;13,84;1,66; 658
23/11/2018 19:56:30;10,29;3,24;13,84;1,64; 660
23/11/2018 19:56:30;10,33;3,26;13,86;1,67; 658
23/11/2018 19:56:31;10,29;3,24;13,84;1,67; 658
23/11/2018 19:56:31;10,33;3,23;13,85;1,66; 658
23/11/2018 19:56:31;10,33;3,24;13,85;1,68; 656
23/11/2018 19:56:31;10,27;3,25;13,84;1,68; 660
23/11/2018 19:56:32;10,29;3,26;13,84;1,67; 660
23/11/2018 19:56:32;10,29;3,24;13,84;1,66; 660
23/11/2018 19:56:32;10,29;3,28;13,84;1,68; 658
23/11/2018 19:56:32;10,21;3,25;13,82;1,67; 662
23/11/2018 19:56:33;10,13;3,23;13,82;1,64; 668
23/11/2018 19:56:33;10,08;3,19;13,82;1,64; 670
23/11/2018 19:56:33;10,14;3,28;13,82;1,64; 664
23/11/2018 19:56:33;10,17;3,30;13,84;1,66; 662
23/11/2018 19:56:34;10,17;3,25;13,84;1,65; 664
23/11/2018 19:56:34;10,25;3,23;13,82;1,66; 662
23/11/2018 19:56:34;10,28;3,23;13,84;1,67; 660
23/11/2018 19:56:35;10,20;3,23;13,86;1,66; 662
23/11/2018 19:56:35;10,25;3,24;13,85;1,66; 662
23/11/2018 19:56:35;10,25;3,23;13,86;1,67; 662
23/11/2018 19:56:35;10,24;3,23;13,86;1,66; 662
23/11/2018 19:56:36;10,23;3,26;13,88;1,66; 660
23/11/2018 19:56:36;10,29;3,23;13,86;1,67; 660
23/11/2018 19:56:36;10,21;3,23;13,88;1,66; 662
23/11/2018 19:56:36;10,20;3,19;13,88;1,65; 664
23/11/2018 19:56:37;10,33;3,24;13,88;1,68; 658
23/11/2018 19:56:37;10,24;3,27;13,88;1,65; 660
23/11/2018 19:56:37;10,29;3,28;13,86;1,67; 658
23/11/2018 19:56:37;10,26;3,26;13,88;1,65; 660
23/11/2018 19:56:38;10,22;3,27;13,89;1,65; 662
23/11/2018 19:56:38;10,24;3,30;13,89;1,65; 658
23/11/2018 19:56:38;10,25;3,28;13,91;1,64; 660
23/11/2018 19:56:39;10,20;3,28;13,88;1,64; 662
23/11/2018 19:56:39;10,20;3,24;13,88;1,65; 664
23/11/2018 19:56:39;10,20;3,24;13,88;1,64; 664
23/11/2018 19:56:39;10,21;3,25;13,89;1,64; 662
23/11/2018 19:56:40;10,20;3,25;13,89;1,64; 662
23/11/2018 19:56:40;10,17;3,24;13,89;1,65; 666
23/11/2018 19:56:40;10,22;3,25;13,91;1,64; 664
23/11/2018 19:56:40;10,10;3,23;13,88;1,62; 670
23/11/2018 19:56:41;10,09;3,28;13,88;1,61; 668
23/11/2018 19:56:41;10,14;3,24;13,88;1,63; 668
23/11/2018 19:56:41;10,05;3,23;13,89;1,63; 672
23/11/2018 19:56:41;10,06;3,19;13,88;1,62; 672
23/11/2018 19:56:42;10,06;3,25;13,91;1,61; 670
23/11/2018 19:56:42;10,12;3,28;13,91;1,63; 666
23/11/2018 19:56:42;10,06;3,28;13,91;1,63; 668
23/11/2018 19:56:42;10,10;3,23;13,89;1,63; 668
23/11/2018 19:56:43;10,05;3,28;13,89;1,62; 670
23/11/2018 19:56:43;10,00;3,28;13,88;1,62; 672
23/11/2018 19:56:43;10,14;3,23;13,88;1,64; 668
23/11/2018 19:56:44;10,18;3,23;13,89;1,64; 666
23/11/2018 19:56:44;10,17;3,28;13,89;1,64; 664
23/11/2018 19:56:44;10,17;3,28;13,91;1,64; 664
23/11/2018 19:56:44;10,17;3,25;13,91;1,64; 664
23/11/2018 19:56:45;10,12;3,26;13,91;1,61; 666
23/11/2018 19:56:45;10,17;3,19;13,89;1,64; 666
23/11/2018 19:56:45;10,28;3,24;13,91;1,67; 662
23/11/2018 19:56:45;10,22;3,28;13,91;1,64; 662
23/11/2018 19:56:46;10,16;3,27;13,92;1,64; 664
23/11/2018 19:56:46;10,19;3,23;13,91;1,64; 666
23/11/2018 19:56:46;10,14;3,29;13,91;1,64; 664
23/11/2018 19:56:46;10,18;3,19;13,89;1,64; 666
23/11/2018 19:56:47;10,18;3,27;13,91;1,64; 664
23/11/2018 19:56:47;10,18;3,30;13,94;1,64; 662
23/11/2018 19:56:47;10,23;3,25;13,91;1,65; 664
23/11/2018 19:56:47;10,22;3,28;13,91;1,65; 662
23/11/2018 19:56:48;10,17;3,28;13,91;1,64; 662
23/11/2018 19:56:48;10,15;3,25;13,91;1,63; 666
23/11/2018 19:56:48;10,11;3,25;13,88;1,63; 668
23/11/2018 19:56:49;10,16;3,28;13,91;1,63; 664
23/11/2018 19:56:49;10,22;3,25;13,91;1,64; 662
23/11/2018 19:56:49;10,19;3,28;13,89;1,64; 664
23/11/2018 19:56:49;10,15;3,24;13,86;1,63; 668
23/11/2018 19:56:50;10,12;3,25;13,86;1,62; 668
23/11/2018 19:56:50;10,11;3,26;13,86;1,63; 668
23/11/2018 19:56:50;10,11;3,25;13,88;1,62; 668
23/11/2018 19:56:50;10,15;3,23;13,88;1,64; 668
23/11/2018 19:56:51;10,17;3,28;13,88;1,64; 666
23/11/2018 19:56:51;10,12;3,25;13,85;1,63; 668
23/11/2018 19:56:51;10,16;3,25;13,88;1,64; 666
23/11/2018 19:56:51;10,23;3,26;13,88;1,65; 664
23/11/2018 19:56:52;10,18;3,24;13,88;1,64; 666
23/11/2018 19:56:52;10,12;3,24;13,86;1,64; 668
23/11/2018 19:56:52;10,16;3,25;13,86;1,64; 666
23/11/2018 19:56:52;10,16;3,28;13,88;1,64; 666
23/11/2018 19:56:53;10,20;3,28;13,89;1,65; 662
23/11/2018 19:56:53;10,23;3,26;13,89;1,64; 662
23/11/2018 19:56:53;10,28;3,19;13,88;1,66; 662
23/11/2018 19:56:54;10,26;3,28;13,91;1,68; 658
23/11/2018 19:56:54;10,39;3,25;13,91;1,68; 656
23/11/2018 19:56:54;10,40;3,24;13,92;1,68; 656
23/11/2018 19:56:54;10,36;3,25;13,91;1,68; 658
23/11/2018 19:56:55;10,32;3,23;13,91;1,67; 660
23/11/2018 19:56:55;10,33;3,28;13,94;1,67; 656
23/11/2018 19:56:55;10,39;3,21;13,92;1,68; 656
23/11/2018 19:56:55;10,36;3,25;13,92;1,68; 658
23/11/2018 19:56:56;10,41;3,24;13,92;1,68; 656
23/11/2018 19:56:56;10,36;3,24;13,91;1,68; 656
23/11/2018 19:56:56;10,39;3,27;13,95;1,68; 654
23/11/2018 19:56:56;10,33;3,23;13,94;1,67; 658
23/11/2018 19:56:57;10,36;3,19;13,92;1,68; 658
23/11/2018 19:56:57;10,40;3,23;13,91;1,68; 656
23/11/2018 19:56:57;10,38;3,29;13,92;1,68; 654
23/11/2018 19:56:58;10,38;3,28;13,94;1,67; 654
23/11/2018 19:56:58;10,41;3,23;13,94;1,68; 654
23/11/2018 19:56:58;10,49;3,23;13,96;1,69; 652
23/11/2018 19:56:58;10,53;3,20;13,92;1,70; 650
23/11/2018 19:56:59;10,49;3,23;13,95;1,68; 652
23/11/2018 19:56:59;10,36;3,29;13,95;1,66; 654
23/11/2018 19:56:59;10,48;3,27;13,94;1,68; 650
23/11/2018 19:56:59;10,46;3,24;13,95;1,67; 652
23/11/2018 19:57:00;10,46;3,23;13,94;1,68; 654
23/11/2018 19:57:00;10,28;3,28;13,92;1,65; 658
23/11/2018 19:57:00;10,33;3,24;13,92;1,66; 660
23/11/2018 19:57:00;10,37;3,25;13,91;1,67; 658
23/11/2018 19:57:01;10,33;3,25;13,92;1,65; 660
23/11/2018 19:57:01;10,26;3,25;13,92;1,64; 660
23/11/2018 19:57:01;10,33;3,28;13,92;1,67; 656
23/11/2018 19:57:01;10,28;3,28;13,94;1,67; 658
23/11/2018 19:57:02;10,33;3,20;13,92;1,67; 660
23/11/2018 19:57:02;10,33;3,26;13,92;1,67; 658
23/11/2018 19:57:02;10,41;3,24;13,92;1,67; 656
23/11/2018 19:57:03;10,40;3,26;13,92;1,68; 654
23/11/2018 19:57:03;10,53;3,24;13,94;1,71; 648
23/11/2018 19:57:03;10,62;3,23;13,95;1,71; 646
23/11/2018 19:57:03;10,57;3,26;13,95;1,70; 646
23/11/2018 19:57:04;10,61;3,27;13,96;1,70; 644
23/11/2018 19:57:04;10,61;3,27;13,96;1,72; 644
23/11/2018 19:57:04;10,65;3,28;13,98;1,73; 642
23/11/2018 19:57:04;10,71;3,25;13,96;1,73; 642
23/11/2018 19:57:05;10,63;3,24;13,98;1,71; 644
23/11/2018 19:57:05;10,67;3,25;13,98;1,73; 642
23/11/2018 19:57:05;10,80;3,19;13,98;1,75; 638
23/11/2018 19:57:05;10,77;3,27;13,99;1,74; 638
23/11/2018 19:57:06;10,63;3,30;14,01;1,71; 644
23/11/2018 19:57:06;10,62;3,25;13,98;1,71; 646
23/11/2018 19:57:06;10,63;3,23;13,95;1,71; 646
23/11/2018 19:57:06;10,54;3,24;13,96;1,69; 650
23/11/2018 19:57:07;10,45;3,26;13,96;1,70; 652
23/11/2018 19:57:07;10,37;3,24;13,96;1,67; 658
23/11/2018 19:57:07;10,28;3,25;13,95;1,66; 660
23/11/2018 19:57:08;10,38;3,27;13,94;1,68; 656
23/11/2018 19:57:08;10,36;3,30;13,96;1,67; 656
23/11/2018 19:57:08;10,36;3,25;13,94;1,67; 656
23/11/2018 19:57:08;10,33;3,24;13,92;1,65; 658
23/11/2018 19:57:09;10,37;3,25;13,92;1,68; 658
23/11/2018 19:57:09;10,36;3,25;13,95;1,68; 658
23/11/2018 19:57:09;10,28;3,23;13,89;1,64; 662
23/11/2018 19:57:09;10,32;3,24;13,92;1,65; 660
23/11/2018 19:57:10;10,31;3,26;13,92;1,66; 658
23/11/2018 19:57:10;10,29;3,28;13,95;1,66; 658
23/11/2018 19:57:10;10,33;3,24;13,92;1,67; 660
23/11/2018 19:57:10;10,33;3,24;13,92;1,66; 660
23/11/2018 19:57:11;10,25;3,28;13,91;1,66; 662
23/11/2018 19:57:11;10,23;3,25;13,91;1,65; 664
23/11/2018 19:57:11;10,29;3,23;13,91;1,67; 662
23/11/2018 19:57:11;10,25;3,28;13,91;1,65; 660
23/11/2018 19:57:12;10,36;3,24;13,92;1,68; 658
23/11/2018 19:57:12;10,33;3,23;13,91;1,66; 660
23/11/2018 19:57:12;10,29;3,24;13,92;1,66; 662
23/11/2018 19:57:13;10,23;3,24;13,92;1,65; 664
23/11/2018 19:57:27;17,43;0,24;14,51;0,00; 210
23/11/2018 19:57:27;17,42;0,24;14,51;0,00; 220
23/11/2018 19:57:28;17,42;0,23;14,52;0,03; 230
23/11/2018 19:57:28;17,42;0,24;14,52;0,02; 240
23/11/2018 19:57:28;17,41;0,28;14,52;0,01; 250
23/11/2018 19:57:28;17,41;0,26;14,54;0,01; 260
23/11/2018 19:57:29;17,38;0,35;14,52;0,08; 270
23/11/2018 19:57:29;17,31;0,47;14,59;0,24; 280
23/11/2018 19:57:29;17,22;0,63;14,62;0,44; 290
23/11/2018 19:57:29;17,11;0,80;14,58;0,64; 300
23/11/2018 19:57:30;17,00;1,06;14,54;0,86; 310
23/11/2018 19:57:30;16,87;1,27;14,43;1,09; 320
23/11/2018 19:57:30;16,64;1,35;14,38;1,13; 330
23/11/2018 19:57:30;16,51;1,55;14,24;1,30; 340
23/11/2018 19:57:31;16,52;1,84;13,99;1,57; 348
23/11/2018 19:57:31;16,50;1,85;14,01;1,61; 350
23/11/2018 19:57:31;16,46;1,88;13,96;1,64; 354
23/11/2018 19:57:31;16,44;1,98;13,98;1,66; 354
23/11/2018 19:57:32;16,44;1,97;13,99;1,67; 358
23/11/2018 19:57:32;16,41;2,06;13,99;1,72; 360
23/11/2018 19:57:32;16,36;2,10;13,99;1,75; 364
23/11/2018 19:57:33;16,31;2,15;13,98;1,82; 370
23/11/2018 19:57:33;16,30;2,23;14,07;1,89; 378
23/11/2018 19:57:33;16,21;2,43;14,16;2,00; 388
23/11/2018 19:57:33;16,13;2,59;14,27;2,09; 398
23/11/2018 19:57:34;16,05;2,74;14,35;2,18; 408
23/11/2018 19:57:34;15,92;2,91;14,47;2,24; 418
23/11/2018 19:57:34;15,81;3,04;14,47;2,35; 428
23/11/2018 19:57:34;15,63;3,26;14,38;2,48; 442
23/11/2018 19:57:35;15,35;3,21;14,40;2,44; 452
23/11/2018 19:57:35;15,07;3,28;14,38;2,40; 462
23/11/2018 19:57:35;14,77;3,29;14,35;2,34; 472
23/11/2018 19:57:35;14,48;3,32;14,37;2,31; 482
23/11/2018 19:57:36;14,24;3,27;14,30;2,28; 492
23/11/2018 19:57:36;13,96;3,28;14,28;2,22; 502
23/11/2018 19:57:36;13,70;3,22;14,23;2,19; 512
23/11/2018 19:57:36;13,44;3,26;14,23;2,14; 522
23/11/2018 19:57:37;13,18;3,27;14,20;2,12; 532
23/11/2018 19:57:37;12,92;3,28;14,16;2,08; 542
23/11/2018 19:57:37;12,68;3,28;14,13;2,03; 552
23/11/2018 19:57:38;12,43;3,29;14,13;1,99; 562
23/11/2018 19:57:38;12,16;3,27;14,12;1,96; 572
23/11/2018 19:57:38;11,93;3,24;14,07;1,91; 582
23/11/2018 19:57:38;11,71;3,26;14,05;1,88; 592
23/11/2018 19:57:39;11,48;3,30;14,03;1,83; 602
23/11/2018 19:57:39;11,30;3,30;14,01;1,82; 610
23/11/2018 19:57:39;11,29;3,28;13,98;1,82; 608
23/11/2018 19:57:39;11,34;3,28;13,98;1,82; 606
23/11/2018 19:57:40;11,29;3,22;13,99;1,81; 610
23/11/2018 19:57:40;11,26;3,27;13,99;1,80; 610
23/11/2018 19:57:40;11,22;3,29;13,98;1,80; 612
23/11/2018 19:57:40;11,09;3,28;13,96;1,79; 620
23/11/2018 19:57:41;10,99;3,28;13,95;1,76; 622
23/11/2018 19:57:41;10,96;3,29;13,96;1,76; 624
23/11/2018 19:57:41;10,90;3,28;13,98;1,76; 626
23/11/2018 19:57:41;10,92;3,28;13,96;1,75; 626
23/11/2018 19:57:42;10,74;3,28;14,02;1,71; 636
23/11/2018 19:57:42;10,52;3,28;14,01;1,69; 646
23/11/2018 19:57:42;10,48;3,32;13,99;1,68; 646
23/11/2018 19:57:43;10,42;3,30;13,99;1,66; 648
23/11/2018 19:57:43;10,45;3,27;13,98;1,67; 650
23/11/2018 19:57:43;10,40;3,22;13,98;1,67; 652
23/11/2018 19:57:43;10,48;3,28;13,98;1,68; 646
23/11/2018 19:57:44;10,56;3,29;13,99;1,70; 642
23/11/2018 19:57:44;10,53;3,32;14,01;1,68; 644
23/11/2018 19:57:44;10,45;3,27;13,96;1,68; 650
23/11/2018 19:57:44;10,48;3,30;13,96;1,68; 646
23/11/2018 19:57:45;10,44;3,28;13,94;1,68; 648
23/11/2018 19:57:45;10,52;3,27;13,96;1,69; 646
23/11/2018 19:57:45;10,57;3,25;13,95;1,71; 644
23/11/2018 19:57:45;10,62;3,28;13,94;1,70; 642
23/11/2018 19:57:46;10,62;3,28;13,92;1,68; 642
23/11/2018 19:57:46;10,57;3,30;13,95;1,68; 642
23/11/2018 19:57:46;10,57;3,27;13,95;1,70; 644
23/11/2018 19:57:47;10,70;3,22;13,95;1,73; 638
23/11/2018 19:57:47;10,69;3,28;13,98;1,72; 638
23/11/2018 19:57:47;10,70;3,28;13,95;1,73; 638
23/11/2018 19:57:47;10,65;3,32;13,94;1,71; 638
23/11/2018 19:57:48;10,69;3,29;13,96;1,72; 638
23/11/2018 19:57:48;10,65;3,30;13,96;1,73; 638
23/11/2018 19:57:48;10,62;3,28;13,96;1,72; 640
23/11/2018 19:57:48;10,62;3,27;13,98;1,70; 640
23/11/2018 19:57:49;10,64;3,30;13,98;1,72; 638
23/11/2018 19:57:49;10,69;3,31;13,98;1,71; 638
23/11/2018 19:57:49;10,71;3,32;13,98;1,72; 636
23/11/2018 19:57:49;10,63;3,30;13,98;1,71; 640
23/11/2018 19:57:50;10,63;3,27;13,98;1,70; 640
23/11/2018 19:57:50;10,72;3,25;13,98;1,73; 638
23/11/2018 19:57:50;10,76;3,28;13,98;1,73; 634
23/11/2018 19:57:50;10,80;3,31;13,99;1,73; 632
23/11/2018 19:57:51;10,84;3,30;14,01;1,74; 632
23/11/2018 19:57:51;10,80;3,28;13,99;1,74; 632
23/11/2018 19:57:51;10,76;3,28;13,99;1,73; 634
23/11/2018 19:57:52;10,80;3,29;13,98;1,75; 632
23/11/2018 19:57:52;10,76;3,28;13,99;1,73; 634
23/11/2018 19:57:52;10,73;3,29;14,01;1,71; 638
23/11/2018 19:57:52;10,72;3,28;13,99;1,72; 636
23/11/2018 19:57:53;10,72;3,28;13,96;1,71; 636
23/11/2018 19:57:53;10,72;3,28;13,96;1,69; 636
23/11/2018 19:57:53;10,73;3,28;13,94;1,72; 636
23/11/2018 19:57:53;10,81;3,29;13,96;1,73; 632
23/11/2018 19:57:54;10,77;3,28;13,98;1,73; 636
23/11/2018 19:57:54;10,73;3,28;13,96;1,71; 636
23/11/2018 19:57:54;10,68;3,32;13,98;1,70; 638
23/11/2018 19:57:54;10,51;3,30;13,99;1,68; 646
23/11/2018 19:57:55;10,39;3,27;14,02;1,67; 654
23/11/2018 19:57:55;10,17;3,29;13,98;1,62; 662
23/11/2018 19:57:55;10,14;3,28;13,98;1,64; 666
23/11/2018 19:57:55;10,10;3,28;13,95;1,63; 666
23/11/2018 19:57:56;10,09;3,30;13,94;1,63; 666
23/11/2018 19:57:56;10,09;3,28;13,92;1,61; 666
23/11/2018 19:57:56;10,13;3,28;13,94;1,63; 664
23/11/2018 19:57:57;10,17;3,28;13,95;1,64; 662
23/11/2018 19:57:57;10,20;3,26;13,95;1,65; 662
23/11/2018 19:57:57;10,18;3,27;13,96;1,63; 662
23/11/2018 19:57:57;10,20;3,28;13,95;1,64; 662
23/11/2018 19:57:58;10,21;3,28;13,95;1,64; 662
23/11/2018 19:57:58;10,13;3,29;13,96;1,64; 664
23/11/2018 19:57:58;10,16;3,25;13,96;1,64; 662
23/11/2018 19:57:58;10,21;3,22;13,96;1,64; 662
23/11/2018 19:57:59;10,25;3,26;13,96;1,66; 660
23/11/2018 19:57:59;10,21;3,28;13,98;1,64; 662
23/11/2018 19:57:59;10,17;3,28;13,98;1,64; 662
23/11/2018 19:57:59;10,21;3,28;13,98;1,65; 662
23/11/2018 19:58:00;10,11;3,30;13,99;1,63; 664
23/11/2018 19:58:00;10,09;3,28;13,96;1,64; 666
26/11/2018 19:16:55;12;1;14;2;0,69
26/11/2018 19:17:59;12;1;14;2;0,69
26/11/2018 19:18:23;12;1;14;2;0,69
26/11/2018 19:18:28;12;1;14;2;0,69
26/11/2018 19:18:28;12;1;14;2;0,69
26/11/2018 19:18:29;12;1;14;2;0,69
26/11/2018 19:18:29;12;1;14;2;0,69
26/11/2018 19:18:29;12;1;14;2;0,69
26/11/2018 19:18:29;12;1;14;2;0,69
26/11/2018 19:18:29;12;1;14;2;0,69
26/11/2018 19:24:41;12;1;14;2;0,69
26/11/2018 19:24:50;12;1;14;2;0,69
26/11/2018 19:24:57;12;1;14;2;0,69
26/11/2018 19:26:46;12;1;14;2;0,69
26/11/2018 19:27:21;15,6;2,7;13,2;2,2;0,69
26/11/2018 19:28:46;15,6;2,7;13,2;2,2;0,69
26/11/2018 19:29:51;12;1;14;2;0,69
26/11/2018 19:30:01;12;1;14;2;0,69
26/11/2018 19:31:12;15,6;2,7;13,2;2,2;0,69
